refund_ref|refund_timestamp|refund_amount|currency|refund_channel|customer_id|narration|refund_reason|approved_by|linked_payment_hint|refund_status
RF-c3b7a4e2|07/02/2024|50891.4525|KES|CASH|25162|Refund CASH DEP 25162|FAILED_TXN|SYSTEM|CASH DEP 25162|PROCESSED
RF-e561d983|10/03/2024|26735.415|KES|CASH|25443|Refund CASH DEP 25443|FAILED_TXN|SUPERVISOR|CASH DEP 25443|PROCESSED
RF-a416c3ae|02/03/2024|37968.18|KES|CHEQUE|26647|Refund Cheque dep member 26647|DUPLICATE|SUPERVISOR|Cheque dep member 26647|PROCESSED
RF-2d578885|25/02/2024|22270.752|KES|CHEQUE|21193|Refund CHQ DEP MBR 21193|DUPLICATE|SYSTEM|CHQ DEP MBR 21193|PROCESSED
RF-729ab2d7|21/02/2024|9956.268|KES|CHEQUE|26801|Refund Cheque deposit for member 26801|FAILED_TXN|SYSTEM|Cheque deposit for member 26801|PROCESSED
RF-2fe9123d|17/01/2024|17681.622|KES|CASH|24781|Refund Cash deposit acc 24781|FAILED_TXN|SUPERVISOR|Cash deposit acc 24781|PROCESSED
RF-cdba3dec|29/03/2024|2402.29|KES|MPESA|25270|Refund Mobile payment member 25270|DUPLICATE|SYSTEM|Mobile payment member 25270|PROCESSED
RF-607fab0b|27/03/2024|8139.663|KES|CHEQUE|26598|Refund Cheque dep member 26598|FAILED_TXN|SUPERVISOR|Cheque dep member 26598|PROCESSED
RF-1c5a685e|02/03/2024|48301.84|KES|CASH|22195|Refund CASH DEP 22195|DUPLICATE|SUPERVISOR|CASH DEP 22195|PROCESSED
RF-4956767d|24/03/2024|1636.7925|KES|CASH|28306|Refund CASH DEP 28306|FAILED_TXN|SUPERVISOR|CASH DEP 28306|PROCESSED
RF-36ae88d2|27/03/2024|42188.47|KES|CASH|21281|Refund Cash deposit acc 21281|FAILED_TXN|SYSTEM|Cash deposit acc 21281|PROCESSED
RF-4f889b29|15/02/2024|39387.73|KES|MPESA|29457|Refund M-PESA PAY 29457|DUPLICATE|SUPERVISOR|M-PESA PAY 29457|PROCESSED
RF-b0d916c2|05/02/2024|49534.84|KES|MPESA|23621|Refund Mobile payment member 23621|DUPLICATE|SYSTEM|Mobile payment member 23621|PROCESSED
RF-0f4c60c7|11/02/2024|16102.4115|KES|MPESA|23381|Refund MPESA 23381|DUPLICATE|SUPERVISOR|MPESA 23381|PROCESSED
RF-6b5f0851|28/01/2024|49178.35|KES|MPESA|22765|Refund Mobile payment member 22765|DUPLICATE|SUPERVISOR|Mobile payment member 22765|PROCESSED
RF-e8aa5590|26/02/2024|13697.229|KES|CHEQUE|21168|Refund Cheque dep member 21168|FAILED_TXN|SUPERVISOR|Cheque dep member 21168|PROCESSED
RF-37c2a0ea|09/01/2024|29250.05|KES|MPESA|28322|Refund Mobile payment member 28322|DUPLICATE|SUPERVISOR|Mobile payment member 28322|PROCESSED
RF-e890276b|18/03/2024|41618.8815|KES|MPESA|27679|Refund M-PESA PAY 27679|FAILED_TXN|SYSTEM|M-PESA PAY 27679|PROCESSED
RF-4de886ae|02/02/2024|503.86|KES|CHEQUE|24754|Refund Cheque dep member 24754|FAILED_TXN|SYSTEM|Cheque dep member 24754|PROCESSED
RF-9238df3a|11/02/2024|8857.254|KES|CHEQUE|21705|Refund Cheque deposit for member 21705|FAILED_TXN|SUPERVISOR|Cheque deposit for member 21705|PROCESSED
RF-d9f9ab83|31/01/2024|44708.6535|KES|CHEQUE|24474|Refund Cheque dep member 24474|FAILED_TXN|SUPERVISOR|Cheque dep member 24474|PROCESSED
RF-86f3a4e0|11/03/2024|2238.58|KES|CASH|28170|Refund CASH DEP 28170|FAILED_TXN|SYSTEM|CASH DEP 28170|PROCESSED
RF-d492786a|05/03/2024|43798.2825|KES|CASH|22215|Refund Cash deposit acc 22215|DUPLICATE|SYSTEM|Cash deposit acc 22215|PROCESSED
RF-53765bab|21/03/2024|1090.362|KES|CASH|28014|Refund Cash deposit acc 28014|FAILED_TXN|SYSTEM|Cash deposit acc 28014|PROCESSED
RF-fa74e59e|20/01/2024|48375.5475|KES|CHEQUE|23281|Refund CHQ DEP MBR 23281|FAILED_TXN|SYSTEM|CHQ DEP MBR 23281|PROCESSED
RF-472374b7|19/03/2024|45583.902|KES|CASH|22824|Refund Cash deposit acc 22824|DUPLICATE|SYSTEM|Cash deposit acc 22824|PROCESSED
RF-1343b697|25/03/2024|45749.8545|KES|MPESA|28362|Refund MPESA 28362|DUPLICATE|SYSTEM|MPESA 28362|PROCESSED
RF-994e1786|05/02/2024|42361.02|KES|CASH|23833|Refund Cash deposit acc 23833|DUPLICATE|SYSTEM|Cash deposit acc 23833|PROCESSED
RF-850091ac|25/03/2024|9661.4|KES|CHEQUE|20050|Refund Cheque dep member 20050|DUPLICATE|SUPERVISOR|Cheque dep member 20050|PROCESSED
RF-6126e45e|27/02/2024|9770.91|KES|CASH|27388|Refund CASH DEP 27388|DUPLICATE|SYSTEM|CASH DEP 27388|PROCESSED
RF-11b3763b|10/02/2024|24535.35|KES|MPESA|25941|Refund Mobile payment member 25941|DUPLICATE|SYSTEM|Mobile payment member 25941|PROCESSED
RF-7d540aa6|05/03/2024|45994.683|KES|MPESA|29160|Refund M-PESA PAY 29160|DUPLICATE|SYSTEM|M-PESA PAY 29160|PROCESSED
RF-3432107b|08/03/2024|10080.546|KES|MPESA|22855|Refund MPESA 22855|FAILED_TXN|SUPERVISOR|MPESA 22855|PROCESSED
RF-d112f0ef|12/02/2024|31545.55|KES|CASH|23063|Refund Cash deposit acc 23063|DUPLICATE|SYSTEM|Cash deposit acc 23063|PROCESSED
RF-1c3a6c1d|04/02/2024|13877.53|KES|MPESA|21964|Refund Mobile payment member 21964|FAILED_TXN|SUPERVISOR|Mobile payment member 21964|PROCESSED
RF-98d07710|07/03/2024|24429.09|KES|MPESA|26886|Refund M-PESA PAY 26886|FAILED_TXN|SYSTEM|M-PESA PAY 26886|PROCESSED
RF-a8c0dfe5|05/03/2024|36463.62|KES|CASH|21093|Refund Cash deposit acc 21093|DUPLICATE|SUPERVISOR|Cash deposit acc 21093|PROCESSED
RF-8ddce669|22/02/2024|49970.34|KES|CASH|22955|Refund Cash deposit acc 22955|DUPLICATE|SYSTEM|Cash deposit acc 22955|PROCESSED
RF-65d1fe66|16/02/2024|46842.35|KES|CHEQUE|21677|Refund Cheque deposit for member 21677|DUPLICATE|SYSTEM|Cheque deposit for member 21677|PROCESSED
RF-bd2da78b|25/03/2024|35737.78|KES|MPESA|28975|Refund Mobile payment member 28975|DUPLICATE|SUPERVISOR|Mobile payment member 28975|PROCESSED
RF-1543728a|06/02/2024|47625.48|KES|CHEQUE|22660|Refund CHQ DEP MBR 22660|FAILED_TXN|SUPERVISOR|CHQ DEP MBR 22660|PROCESSED
RF-1a2ade9a|21/01/2024|17165.7675|KES|CASH|26149|Refund CASH DEP 26149|FAILED_TXN|SUPERVISOR|CASH DEP 26149|PROCESSED
RF-b85a1f0c|18/02/2024|29407.42|KES|CASH|28526|Refund CASH DEP 28526|DUPLICATE|SUPERVISOR|CASH DEP 28526|PROCESSED
RF-c69b71f2|02/02/2024|14019|KES|CHEQUE|27920|Refund CHQ DEP MBR 27920|DUPLICATE|SYSTEM|CHQ DEP MBR 27920|PROCESSED
RF-069d52e8|19/02/2024|6939.5235|KES|CASH|27293|Refund CASH DEP 27293|FAILED_TXN|SYSTEM|CASH DEP 27293|PROCESSED
RF-013a7e07|28/02/2024|49788.417|KES|CASH|26345|Refund Cash deposit acc 26345|FAILED_TXN|SUPERVISOR|Cash deposit acc 26345|PROCESSED
RF-9b5df211|01/03/2024|8749.89|KES|CASH|23664|Refund CASH DEP 23664|DUPLICATE|SYSTEM|CASH DEP 23664|PROCESSED
RF-75c11b1c|08/02/2024|10637.34|KES|CHEQUE|24120|Refund Cheque dep member 24120|FAILED_TXN|SUPERVISOR|Cheque dep member 24120|PROCESSED
RF-dff7bf05|08/01/2024|21361.0845|KES|MPESA|20601|Refund M-PESA PAY 20601|FAILED_TXN|SUPERVISOR|M-PESA PAY 20601|PROCESSED
RF-812afcdf|07/01/2024|8507.1735|KES|CASH|25646|Refund CASH DEP 25646|DUPLICATE|SUPERVISOR|CASH DEP 25646|PROCESSED
RF-99c14175|26/01/2024|24059.8785|KES|CHEQUE|20979|Refund Cheque deposit for member 20979|DUPLICATE|SYSTEM|Cheque deposit for member 20979|PROCESSED
RF-40311e38|20/03/2024|39808.5|KES|CASH|25465|Refund CASH DEP 25465|FAILED_TXN|SYSTEM|CASH DEP 25465|PROCESSED
RF-d1b3d3c9|11/02/2024|28106.13|KES|CHEQUE|22285|Refund Cheque dep member 22285|FAILED_TXN|SUPERVISOR|Cheque dep member 22285|PROCESSED
RF-0cebc415|09/01/2024|25972.4325|KES|CHEQUE|28526|Refund Cheque deposit for member 28526|DUPLICATE|SYSTEM|Cheque deposit for member 28526|PROCESSED
RF-1cd29cc6|25/02/2024|1689.33|KES|CHEQUE|29820|Refund Cheque dep member 29820|DUPLICATE|SYSTEM|Cheque dep member 29820|PROCESSED
RF-87b6ebc1|25/03/2024|48865.19|KES|CASH|20424|Refund CASH DEP 20424|FAILED_TXN|SYSTEM|CASH DEP 20424|PROCESSED
RF-a861dd5a|02/02/2024|1655.8185|KES|CASH|22975|Refund CASH DEP 22975|DUPLICATE|SUPERVISOR|CASH DEP 22975|PROCESSED
RF-3580249c|04/03/2024|8691.9735|KES|CASH|29996|Refund CASH DEP 29996|FAILED_TXN|SYSTEM|CASH DEP 29996|PROCESSED
RF-fa195dda|25/01/2024|10399.4835|KES|CHEQUE|28458|Refund Cheque dep member 28458|DUPLICATE|SUPERVISOR|Cheque dep member 28458|PROCESSED
RF-cd158078|26/01/2024|39190.452|KES|MPESA|26464|Refund Mobile payment member 26464|FAILED_TXN|SUPERVISOR|Mobile payment member 26464|PROCESSED
RF-428ec8a2|01/03/2024|34207.56|KES|CHEQUE|21189|Refund Cheque deposit for member 21189|FAILED_TXN|SYSTEM|Cheque deposit for member 21189|PROCESSED
RF-f92c1ece|08/02/2024|5019.693|KES|MPESA|21102|Refund Mobile payment member 21102|DUPLICATE|SYSTEM|Mobile payment member 21102|PROCESSED
RF-9231c95e|24/02/2024|9702.18|KES|CHEQUE|22443|Refund Cheque deposit for member 22443|DUPLICATE|SYSTEM|Cheque deposit for member 22443|PROCESSED
RF-46cfe06e|28/01/2024|10133.64|KES|CASH|22641|Refund Cash deposit acc 22641|FAILED_TXN|SUPERVISOR|Cash deposit acc 22641|PROCESSED
RF-6e8b3869|04/02/2024|49618.93|KES|MPESA|28442|Refund Mobile payment member 28442|DUPLICATE|SYSTEM|Mobile payment member 28442|PROCESSED
RF-f9f9c708|20/02/2024|44966.4915|KES|CHEQUE|28003|Refund Cheque deposit for member 28003|DUPLICATE|SYSTEM|Cheque deposit for member 28003|PROCESSED
RF-2d9236ee|11/03/2024|8854.07|KES|CASH|21716|Refund Cash deposit acc 21716|DUPLICATE|SUPERVISOR|Cash deposit acc 21716|PROCESSED
RF-21f98fb3|26/01/2024|43260.33|KES|MPESA|29663|Refund Mobile payment member 29663|FAILED_TXN|SYSTEM|Mobile payment member 29663|PROCESSED
RF-a28801b6|11/03/2024|44769.1545|KES|CHEQUE|25003|Refund Cheque dep member 25003|FAILED_TXN|SUPERVISOR|Cheque dep member 25003|PROCESSED
RF-f4dadab0|13/03/2024|5440.47|KES|CHEQUE|23058|Refund CHQ DEP MBR 23058|FAILED_TXN|SYSTEM|CHQ DEP MBR 23058|PROCESSED
RF-63fd4bab|17/03/2024|32736.7635|KES|CHEQUE|21428|Refund Cheque dep member 21428|FAILED_TXN|SUPERVISOR|Cheque dep member 21428|PROCESSED
RF-df4c51ab|24/01/2024|44170.82|KES|MPESA|23215|Refund Mobile payment member 23215|FAILED_TXN|SUPERVISOR|Mobile payment member 23215|PROCESSED
RF-b8544598|21/02/2024|44008.7865|KES|MPESA|22134|Refund Mobile payment member 22134|DUPLICATE|SUPERVISOR|Mobile payment member 22134|PROCESSED
RF-cf2a07c7|31/03/2024|8844.675|KES|CHEQUE|20242|Refund Cheque deposit for member 20242|DUPLICATE|SUPERVISOR|Cheque deposit for member 20242|PROCESSED
RF-4c8010b9|01/04/2024|14516.51|KES|CASH|23421|Refund CASH DEP 23421|DUPLICATE|SUPERVISOR|CASH DEP 23421|PROCESSED
RF-dcecb493|11/03/2024|44386.46|KES|MPESA|22726|Refund M-PESA PAY 22726|DUPLICATE|SUPERVISOR|M-PESA PAY 22726|PROCESSED
RF-2f9d3e22|31/01/2024|6809.31|KES|CASH|24825|Refund Cash deposit acc 24825|DUPLICATE|SUPERVISOR|Cash deposit acc 24825|PROCESSED
RF-4738484b|05/03/2024|45353.28|KES|MPESA|23418|Refund Mobile payment member 23418|DUPLICATE|SUPERVISOR|Mobile payment member 23418|PROCESSED
RF-a801ce96|28/03/2024|48264.89|KES|MPESA|22251|Refund M-PESA PAY 22251|DUPLICATE|SYSTEM|M-PESA PAY 22251|PROCESSED
RF-f14a8b04|19/03/2024|9746.52|KES|CHEQUE|29920|Refund Cheque dep member 29920|DUPLICATE|SUPERVISOR|Cheque dep member 29920|PROCESSED
RF-85b75776|20/03/2024|22229.42|KES|MPESA|26588|Refund Mobile payment member 26588|DUPLICATE|SUPERVISOR|Mobile payment member 26588|PROCESSED
RF-37d1bee2|19/03/2024|11083.254|KES|MPESA|20422|Refund M-PESA PAY 20422|FAILED_TXN|SYSTEM|M-PESA PAY 20422|PROCESSED
RF-eb8581a6|25/02/2024|39170.4075|KES|MPESA|22839|Refund Mobile payment member 22839|DUPLICATE|SUPERVISOR|Mobile payment member 22839|PROCESSED
RF-0117a7e7|26/01/2024|42482.97|KES|CASH|22921|Refund CASH DEP 22921|DUPLICATE|SUPERVISOR|CASH DEP 22921|PROCESSED
RF-babbc2dd|15/02/2024|5555.56|KES|CASH|27895|Refund CASH DEP 27895|DUPLICATE|SUPERVISOR|CASH DEP 27895|PROCESSED
RF-22f69e6d|08/03/2024|18477.75|KES|CASH|20276|Refund CASH DEP 20276|DUPLICATE|SYSTEM|CASH DEP 20276|PROCESSED
RF-218ebb1b|07/02/2024|29762.8905|KES|CHEQUE|22208|Refund Cheque dep member 22208|DUPLICATE|SUPERVISOR|Cheque dep member 22208|PROCESSED
RF-99a38789|05/03/2024|39767.196|KES|MPESA|25854|Refund M-PESA PAY 25854|DUPLICATE|SYSTEM|M-PESA PAY 25854|PROCESSED
RF-2260212b|07/01/2024|31578.162|KES|MPESA|23967|Refund M-PESA PAY 23967|FAILED_TXN|SUPERVISOR|M-PESA PAY 23967|PROCESSED
RF-29f1a999|04/01/2024|22513.092|KES|CHEQUE|28919|Refund CHQ DEP MBR 28919|DUPLICATE|SUPERVISOR|CHQ DEP MBR 28919|PROCESSED
RF-05872d21|29/01/2024|37898.26|KES|CASH|23084|Refund CASH DEP 23084|FAILED_TXN|SYSTEM|CASH DEP 23084|PROCESSED
RF-f55e2523|07/02/2024|21911.13|KES|MPESA|20849|Refund M-PESA PAY 20849|DUPLICATE|SYSTEM|M-PESA PAY 20849|PROCESSED
RF-373e4700|15/02/2024|42171.8115|KES|MPESA|23757|Refund Mobile payment member 23757|DUPLICATE|SUPERVISOR|Mobile payment member 23757|PROCESSED
RF-9f3373dc|29/01/2024|13504.92|KES|CHEQUE|24948|Refund Cheque dep member 24948|FAILED_TXN|SYSTEM|Cheque dep member 24948|PROCESSED
RF-3bb53038|16/01/2024|28368.31|KES|MPESA|29526|Refund Mobile payment member 29526|DUPLICATE|SYSTEM|Mobile payment member 29526|PROCESSED
RF-2b3b30a5|28/02/2024|26522.74|KES|CASH|24520|Refund CASH DEP 24520|DUPLICATE|SUPERVISOR|CASH DEP 24520|PROCESSED
RF-ca088162|21/02/2024|6122.51|KES|CHEQUE|27921|Refund Cheque deposit for member 27921|FAILED_TXN|SYSTEM|Cheque deposit for member 27921|PROCESSED
RF-55871c25|25/02/2024|34767.09|KES|CASH|24800|Refund Cash deposit acc 24800|DUPLICATE|SYSTEM|Cash deposit acc 24800|PROCESSED
RF-8bc6774c|15/01/2024|35450.45|KES|MPESA|26297|Refund Mobile payment member 26297|FAILED_TXN|SYSTEM|Mobile payment member 26297|PROCESSED
RF-b276312e|13/01/2024|13552.87|KES|CHEQUE|21397|Refund Cheque dep member 21397|FAILED_TXN|SUPERVISOR|Cheque dep member 21397|PROCESSED
RF-d508f278|13/01/2024|18744.9|KES|MPESA|21953|Refund Mobile payment member 21953|DUPLICATE|SYSTEM|Mobile payment member 21953|PROCESSED
RF-d2b3ce8c|28/03/2024|25860.62|KES|CHEQUE|28716|Refund Cheque deposit for member 28716|DUPLICATE|SUPERVISOR|Cheque deposit for member 28716|PROCESSED
RF-b739af23|30/03/2024|41406.3615|KES|MPESA|28846|Refund Mobile payment member 28846|FAILED_TXN|SYSTEM|Mobile payment member 28846|PROCESSED
RF-22ecb5bb|29/03/2024|9771.01|KES|CASH|29276|Refund CASH DEP 29276|DUPLICATE|SUPERVISOR|CASH DEP 29276|PROCESSED
RF-89c02899|03/02/2024|4668.888|KES|CASH|25666|Refund Cash deposit acc 25666|DUPLICATE|SYSTEM|Cash deposit acc 25666|PROCESSED
RF-c5b88ef4|22/03/2024|2574.306|KES|CASH|26861|Refund Cash deposit acc 26861|DUPLICATE|SYSTEM|Cash deposit acc 26861|PROCESSED
RF-98447053|03/02/2024|44742.95|KES|CHEQUE|23753|Refund CHQ DEP MBR 23753|DUPLICATE|SUPERVISOR|CHQ DEP MBR 23753|PROCESSED
RF-adab50ab|02/02/2024|37383.42|KES|CHEQUE|24376|Refund CHQ DEP MBR 24376|FAILED_TXN|SYSTEM|CHQ DEP MBR 24376|PROCESSED
RF-8131e4ef|25/02/2024|30759.39|KES|MPESA|20834|Refund Mobile payment member 20834|FAILED_TXN|SUPERVISOR|Mobile payment member 20834|PROCESSED
RF-5d437720|28/02/2024|46643.5935|KES|CASH|26320|Refund CASH DEP 26320|FAILED_TXN|SYSTEM|CASH DEP 26320|PROCESSED
RF-5b01f1eb|26/02/2024|33668.96|KES|CHEQUE|21710|Refund Cheque dep member 21710|DUPLICATE|SYSTEM|Cheque dep member 21710|PROCESSED
RF-b8727e70|23/03/2024|23614.3|KES|MPESA|24150|Refund MPESA 24150|DUPLICATE|SYSTEM|MPESA 24150|PROCESSED
RF-207754e0|27/02/2024|25723.77|KES|CASH|26968|Refund Cash deposit acc 26968|FAILED_TXN|SYSTEM|Cash deposit acc 26968|PROCESSED
RF-b6c7537c|03/04/2024|7794.8115|KES|MPESA|20184|Refund Mobile payment member 20184|FAILED_TXN|SUPERVISOR|Mobile payment member 20184|PROCESSED
RF-76b60624|10/01/2024|9223.1055|KES|CHEQUE|28696|Refund Cheque deposit for member 28696|DUPLICATE|SYSTEM|Cheque deposit for member 28696|PROCESSED
RF-83eed3ea|05/01/2024|43483.23|KES|CHEQUE|23804|Refund Cheque deposit for member 23804|FAILED_TXN|SUPERVISOR|Cheque deposit for member 23804|PROCESSED
RF-8288603e|30/01/2024|45612.5565|KES|CASH|24726|Refund Cash deposit acc 24726|FAILED_TXN|SYSTEM|Cash deposit acc 24726|PROCESSED
RF-0860e801|02/02/2024|28302.15|KES|MPESA|23537|Refund M-PESA PAY 23537|DUPLICATE|SUPERVISOR|M-PESA PAY 23537|PROCESSED
RF-db24db43|12/01/2024|30865.107|KES|CASH|28543|Refund Cash deposit acc 28543|DUPLICATE|SUPERVISOR|Cash deposit acc 28543|PROCESSED
RF-e57d053a|14/01/2024|49570.5315|KES|CHEQUE|28499|Refund Cheque dep member 28499|DUPLICATE|SYSTEM|Cheque dep member 28499|PROCESSED
RF-fbe9fea2|20/01/2024|19449.612|KES|CHEQUE|28677|Refund CHQ DEP MBR 28677|FAILED_TXN|SUPERVISOR|CHQ DEP MBR 28677|PROCESSED
RF-06bc3bfe|27/01/2024|48958.07|KES|CHEQUE|29697|Refund Cheque deposit for member 29697|DUPLICATE|SYSTEM|Cheque deposit for member 29697|PROCESSED
RF-2ed2ca01|22/01/2024|34302.83|KES|CASH|25771|Refund Cash deposit acc 25771|FAILED_TXN|SUPERVISOR|Cash deposit acc 25771|PROCESSED
RF-f349adbc|16/02/2024|4967.424|KES|CASH|22848|Refund Cash deposit acc 22848|FAILED_TXN|SYSTEM|Cash deposit acc 22848|PROCESSED
RF-d26d0722|31/03/2024|32302.53|KES|CASH|28154|Refund CASH DEP 28154|FAILED_TXN|SUPERVISOR|CASH DEP 28154|PROCESSED
RF-5c0a771d|16/03/2024|12739.2405|KES|MPESA|24066|Refund MPESA 24066|DUPLICATE|SYSTEM|MPESA 24066|PROCESSED
RF-003f3b6a|19/02/2024|6197.247|KES|MPESA|24764|Refund Mobile payment member 24764|FAILED_TXN|SUPERVISOR|Mobile payment member 24764|PROCESSED
RF-00301cfb|18/03/2024|50690.7555|KES|CASH|29942|Refund Cash deposit acc 29942|DUPLICATE|SUPERVISOR|Cash deposit acc 29942|PROCESSED
RF-7b7aa4c6|12/02/2024|48152.95|KES|CHEQUE|26850|Refund Cheque dep member 26850|FAILED_TXN|SUPERVISOR|Cheque dep member 26850|PROCESSED
RF-7bdfbc48|20/01/2024|7203.27|KES|CHEQUE|20609|Refund Cheque dep member 20609|DUPLICATE|SUPERVISOR|Cheque dep member 20609|PROCESSED
RF-ef7f8b01|21/01/2024|22933.42|KES|CHEQUE|23924|Refund CHQ DEP MBR 23924|DUPLICATE|SUPERVISOR|CHQ DEP MBR 23924|PROCESSED
RF-c71a9d11|18/02/2024|12292.82|KES|CASH|26262|Refund Cash deposit acc 26262|FAILED_TXN|SUPERVISOR|Cash deposit acc 26262|PROCESSED
RF-29a67bc9|12/03/2024|48877.8|KES|CASH|25427|Refund Cash deposit acc 25427|FAILED_TXN|SYSTEM|Cash deposit acc 25427|PROCESSED
RF-3791ec78|05/03/2024|2298.62|KES|MPESA|27436|Refund Mobile payment member 27436|DUPLICATE|SYSTEM|Mobile payment member 27436|PROCESSED
RF-2bab1eb8|12/01/2024|13928.6385|KES|CASH|22422|Refund CASH DEP 22422|FAILED_TXN|SYSTEM|CASH DEP 22422|PROCESSED
RF-01e84cd7|15/02/2024|36938.35|KES|MPESA|25628|Refund M-PESA PAY 25628|DUPLICATE|SUPERVISOR|M-PESA PAY 25628|PROCESSED
RF-50c55b9d|15/03/2024|840.55|KES|CHEQUE|20179|Refund Cheque dep member 20179|FAILED_TXN|SUPERVISOR|Cheque dep member 20179|PROCESSED
RF-c496e3f1|07/02/2024|28551.56|KES|CHEQUE|23073|Refund Cheque deposit for member 23073|FAILED_TXN|SYSTEM|Cheque deposit for member 23073|PROCESSED
RF-5aa5c6f3|12/02/2024|18737.16|KES|CASH|23190|Refund Cash deposit acc 23190|DUPLICATE|SUPERVISOR|Cash deposit acc 23190|PROCESSED
RF-9abc061f|10/03/2024|12146.53|KES|MPESA|22083|Refund M-PESA PAY 22083|FAILED_TXN|SUPERVISOR|M-PESA PAY 22083|PROCESSED
RF-69db06bc|15/03/2024|44847.9675|KES|CASH|28728|Refund Cash deposit acc 28728|DUPLICATE|SUPERVISOR|Cash deposit acc 28728|PROCESSED
RF-d8f833a1|15/03/2024|48133.6275|KES|MPESA|21301|Refund Mobile payment member 21301|FAILED_TXN|SYSTEM|Mobile payment member 21301|PROCESSED
RF-dfc6e1c6|14/01/2024|43611.18|KES|MPESA|22361|Refund MPESA 22361|FAILED_TXN|SYSTEM|MPESA 22361|PROCESSED
RF-a2102b89|01/02/2024|27374.86|KES|MPESA|28340|Refund MPESA 28340|FAILED_TXN|SUPERVISOR|MPESA 28340|PROCESSED
RF-301d83b0|29/03/2024|6466.446|KES|MPESA|28909|Refund M-PESA PAY 28909|FAILED_TXN|SUPERVISOR|M-PESA PAY 28909|PROCESSED
RF-ba9e5eb6|27/02/2024|23652.93|KES|MPESA|25004|Refund MPESA 25004|FAILED_TXN|SUPERVISOR|MPESA 25004|PROCESSED
RF-2fca7c22|04/03/2024|31469.63|KES|CHEQUE|23195|Refund Cheque dep member 23195|FAILED_TXN|SUPERVISOR|Cheque dep member 23195|PROCESSED
RF-ef81e395|17/03/2024|26225.1885|KES|CASH|22275|Refund CASH DEP 22275|DUPLICATE|SUPERVISOR|CASH DEP 22275|PROCESSED
RF-afb97e5e|18/02/2024|41432.5065|KES|CHEQUE|27563|Refund CHQ DEP MBR 27563|DUPLICATE|SUPERVISOR|CHQ DEP MBR 27563|PROCESSED
RF-56565160|08/03/2024|43310.37|KES|CASH|24290|Refund CASH DEP 24290|FAILED_TXN|SUPERVISOR|CASH DEP 24290|PROCESSED
RF-2610a9d8|02/03/2024|5291.811|KES|MPESA|22414|Refund Mobile payment member 22414|FAILED_TXN|SYSTEM|Mobile payment member 22414|PROCESSED
RF-5151ac7e|18/02/2024|12673.45|KES|MPESA|27417|Refund MPESA 27417|DUPLICATE|SYSTEM|MPESA 27417|PROCESSED
RF-62e6b958|15/01/2024|15384.37|KES|CASH|27113|Refund CASH DEP 27113|FAILED_TXN|SUPERVISOR|CASH DEP 27113|PROCESSED
RF-e3948d7b|23/02/2024|7048.104|KES|MPESA|23163|Refund Mobile payment member 23163|DUPLICATE|SUPERVISOR|Mobile payment member 23163|PROCESSED
RF-e5fc07fd|12/01/2024|25897.9875|KES|CASH|26155|Refund Cash deposit acc 26155|FAILED_TXN|SUPERVISOR|Cash deposit acc 26155|PROCESSED
RF-e39f8fc1|12/02/2024|24057.2955|KES|CASH|23618|Refund CASH DEP 23618|DUPLICATE|SUPERVISOR|CASH DEP 23618|PROCESSED
RF-22edfab9|21/03/2024|3356.04|KES|CHEQUE|24870|Refund CHQ DEP MBR 24870|DUPLICATE|SYSTEM|CHQ DEP MBR 24870|PROCESSED
RF-c13aa58b|22/03/2024|1385.832|KES|CASH|26318|Refund CASH DEP 26318|DUPLICATE|SYSTEM|CASH DEP 26318|PROCESSED
RF-f76dca95|11/01/2024|20153.66|KES|MPESA|24305|Refund MPESA 24305|FAILED_TXN|SUPERVISOR|MPESA 24305|PROCESSED
RF-fe0a25c3|27/03/2024|9600.108|KES|MPESA|27236|Refund MPESA 27236|DUPLICATE|SYSTEM|MPESA 27236|PROCESSED
RF-fe4ce92d|23/01/2024|24583.1985|KES|MPESA|24116|Refund M-PESA PAY 24116|DUPLICATE|SUPERVISOR|M-PESA PAY 24116|PROCESSED
RF-b714aa2a|13/02/2024|13238.4735|KES|CASH|28122|Refund CASH DEP 28122|DUPLICATE|SUPERVISOR|CASH DEP 28122|PROCESSED
RF-c71fbac8|28/01/2024|31585.5435|KES|CASH|26692|Refund Cash deposit acc 26692|FAILED_TXN|SYSTEM|Cash deposit acc 26692|PROCESSED
RF-2119ab78|31/03/2024|39690.168|KES|CASH|27691|Refund Cash deposit acc 27691|FAILED_TXN|SYSTEM|Cash deposit acc 27691|PROCESSED
RF-81a55f06|01/04/2024|10735.641|KES|CASH|23680|Refund CASH DEP 23680|FAILED_TXN|SUPERVISOR|CASH DEP 23680|PROCESSED
RF-13c7b8e8|01/02/2024|16379.95|KES|CHEQUE|20543|Refund Cheque deposit for member 20543|DUPLICATE|SUPERVISOR|Cheque deposit for member 20543|PROCESSED
RF-adbfd188|02/02/2024|32948.706|KES|CASH|20483|Refund Cash deposit acc 20483|DUPLICATE|SUPERVISOR|Cash deposit acc 20483|PROCESSED
RF-31985a68|19/01/2024|30379.04|KES|MPESA|24243|Refund M-PESA PAY 24243|FAILED_TXN|SUPERVISOR|M-PESA PAY 24243|PROCESSED
RF-14077b03|02/01/2024|32815.43|KES|CHEQUE|24361|Refund CHQ DEP MBR 24361|FAILED_TXN|SYSTEM|CHQ DEP MBR 24361|PROCESSED
RF-80c88cb5|11/03/2024|36318.4185|KES|CHEQUE|28089|Refund Cheque dep member 28089|FAILED_TXN|SYSTEM|Cheque dep member 28089|PROCESSED
RF-3a5d6619|16/02/2024|5830.5135|KES|CHEQUE|23370|Refund Cheque deposit for member 23370|FAILED_TXN|SUPERVISOR|Cheque deposit for member 23370|PROCESSED
RF-56f573d9|28/03/2024|47989.89|KES|CASH|24503|Refund Cash deposit acc 24503|DUPLICATE|SYSTEM|Cash deposit acc 24503|PROCESSED
RF-de9dd0ce|21/03/2024|5844.573|KES|MPESA|29911|Refund M-PESA PAY 29911|FAILED_TXN|SYSTEM|M-PESA PAY 29911|PROCESSED
RF-10966b72|11/02/2024|2335.52|KES|MPESA|29329|Refund MPESA 29329|DUPLICATE|SYSTEM|MPESA 29329|PROCESSED
RF-6302e935|07/03/2024|5633.8|KES|CHEQUE|20960|Refund Cheque dep member 20960|DUPLICATE|SYSTEM|Cheque dep member 20960|PROCESSED
RF-2aedaf5c|14/01/2024|10444.14|KES|CHEQUE|24119|Refund CHQ DEP MBR 24119|FAILED_TXN|SUPERVISOR|CHQ DEP MBR 24119|PROCESSED
RF-3e435be8|24/02/2024|20768.3|KES|CHEQUE|21449|Refund Cheque dep member 21449|DUPLICATE|SUPERVISOR|Cheque dep member 21449|PROCESSED
RF-40eb5353|14/02/2024|1706.5125|KES|MPESA|24912|Refund M-PESA PAY 24912|DUPLICATE|SYSTEM|M-PESA PAY 24912|PROCESSED
RF-342e1b74|16/03/2024|6474.0795|KES|MPESA|22580|Refund Mobile payment member 22580|DUPLICATE|SYSTEM|Mobile payment member 22580|PROCESSED
RF-2c5775d4|28/01/2024|35688.87|KES|CASH|25618|Refund Cash deposit acc 25618|DUPLICATE|SYSTEM|Cash deposit acc 25618|PROCESSED
RF-3121ca28|22/02/2024|4022.3505|KES|CASH|29279|Refund CASH DEP 29279|DUPLICATE|SYSTEM|CASH DEP 29279|PROCESSED
RF-22a214fd|22/03/2024|36119.49|KES|CASH|25968|Refund CASH DEP 25968|FAILED_TXN|SUPERVISOR|CASH DEP 25968|PROCESSED
RF-f1bdd2d6|01/04/2024|7467.47|KES|CHEQUE|27673|Refund CHQ DEP MBR 27673|DUPLICATE|SYSTEM|CHQ DEP MBR 27673|PROCESSED
RF-1528b32e|07/02/2024|14028.504|KES|MPESA|25322|Refund M-PESA PAY 25322|DUPLICATE|SUPERVISOR|M-PESA PAY 25322|PROCESSED
RF-d60af3de|02/02/2024|13296.69|KES|CHEQUE|28599|Refund CHQ DEP MBR 28599|DUPLICATE|SYSTEM|CHQ DEP MBR 28599|PROCESSED
RF-3fba7809|27/02/2024|34398.336|KES|MPESA|29585|Refund Mobile payment member 29585|DUPLICATE|SUPERVISOR|Mobile payment member 29585|PROCESSED
RF-22abed61|01/03/2024|44467.7205|KES|CASH|25836|Refund CASH DEP 25836|DUPLICATE|SYSTEM|CASH DEP 25836|PROCESSED
RF-42b446c5|27/01/2024|3684.45|KES|MPESA|29750|Refund MPESA 29750|DUPLICATE|SYSTEM|MPESA 29750|PROCESSED
RF-1e729f0b|04/02/2024|46808.48|KES|CASH|26190|Refund CASH DEP 26190|FAILED_TXN|SYSTEM|CASH DEP 26190|PROCESSED
RF-2a0bd171|30/03/2024|7048.5345|KES|CASH|22843|Refund CASH DEP 22843|DUPLICATE|SUPERVISOR|CASH DEP 22843|PROCESSED
RF-4ac93410|13/01/2024|47434.87|KES|MPESA|22264|Refund MPESA 22264|DUPLICATE|SYSTEM|MPESA 22264|PROCESSED
RF-f6d4b0af|31/01/2024|23305.275|KES|CHEQUE|28466|Refund CHQ DEP MBR 28466|DUPLICATE|SYSTEM|CHQ DEP MBR 28466|PROCESSED
RF-ec832d84|30/03/2024|31341.38|KES|CHEQUE|23973|Refund CHQ DEP MBR 23973|DUPLICATE|SYSTEM|CHQ DEP MBR 23973|PROCESSED
RF-a3e9e393|04/04/2024|29348.91|KES|MPESA|29212|Refund M-PESA PAY 29212|FAILED_TXN|SYSTEM|M-PESA PAY 29212|PROCESSED
RF-c3dab8c7|13/03/2024|41534.59|KES|CASH|28551|Refund CASH DEP 28551|FAILED_TXN|SYSTEM|CASH DEP 28551|PROCESSED
RF-a7e5a32a|10/01/2024|15663.669|KES|CASH|29517|Refund Cash deposit acc 29517|DUPLICATE|SUPERVISOR|Cash deposit acc 29517|PROCESSED
RF-da12faf6|13/01/2024|25721.23|KES|CHEQUE|22052|Refund Cheque deposit for member 22052|FAILED_TXN|SUPERVISOR|Cheque deposit for member 22052|PROCESSED
RF-e86445f7|28/03/2024|51420.222|KES|CHEQUE|25963|Refund CHQ DEP MBR 25963|FAILED_TXN|SYSTEM|CHQ DEP MBR 25963|PROCESSED
RF-fd739733|21/03/2024|49270.7|KES|CASH|26176|Refund Cash deposit acc 26176|FAILED_TXN|SUPERVISOR|Cash deposit acc 26176|PROCESSED
RF-80964919|04/02/2024|44854.96|KES|CASH|21850|Refund Cash deposit acc 21850|FAILED_TXN|SYSTEM|Cash deposit acc 21850|PROCESSED
RF-f596d0f4|11/03/2024|28772.016|KES|CHEQUE|28753|Refund Cheque dep member 28753|FAILED_TXN|SYSTEM|Cheque dep member 28753|PROCESSED
RF-c7ee82ef|30/01/2024|17598.4935|KES|MPESA|25545|Refund M-PESA PAY 25545|FAILED_TXN|SYSTEM|M-PESA PAY 25545|PROCESSED
RF-e0f19d2c|23/02/2024|31664.05|KES|MPESA|26387|Refund M-PESA PAY 26387|DUPLICATE|SUPERVISOR|M-PESA PAY 26387|PROCESSED
RF-18517603|30/03/2024|42742.03|KES|CASH|27279|Refund CASH DEP 27279|DUPLICATE|SYSTEM|CASH DEP 27279|PROCESSED
RF-a5ed79fd|04/04/2024|19582.626|KES|MPESA|25597|Refund M-PESA PAY 25597|DUPLICATE|SUPERVISOR|M-PESA PAY 25597|PROCESSED
RF-fcb8c0c2|15/03/2024|39003.82|KES|CASH|22234|Refund CASH DEP 22234|FAILED_TXN|SUPERVISOR|CASH DEP 22234|PROCESSED
RF-5a575702|05/01/2024|30775.31|KES|CASH|28393|Refund Cash deposit acc 28393|DUPLICATE|SUPERVISOR|Cash deposit acc 28393|PROCESSED
RF-69da0829|08/01/2024|21483.15|KES|MPESA|26917|Refund M-PESA PAY 26917|DUPLICATE|SYSTEM|M-PESA PAY 26917|PROCESSED
RF-67386a81|17/03/2024|13873.21|KES|CASH|26153|Refund CASH DEP 26153|DUPLICATE|SUPERVISOR|CASH DEP 26153|PROCESSED
RF-8ec8b7b4|03/02/2024|41018.229|KES|MPESA|23512|Refund Mobile payment member 23512|DUPLICATE|SUPERVISOR|Mobile payment member 23512|PROCESSED
RF-96ff7c57|15/03/2024|20996.2515|KES|CASH|26501|Refund CASH DEP 26501|DUPLICATE|SUPERVISOR|CASH DEP 26501|PROCESSED
RF-0ce34652|20/02/2024|29114.18|KES|CHEQUE|21939|Refund Cheque dep member 21939|FAILED_TXN|SYSTEM|Cheque dep member 21939|PROCESSED
RF-7917e100|26/03/2024|44685.7215|KES|CASH|29541|Refund CASH DEP 29541|DUPLICATE|SUPERVISOR|CASH DEP 29541|PROCESSED
RF-c09763e5|11/03/2024|39584.44|KES|CHEQUE|26864|Refund Cheque dep member 26864|FAILED_TXN|SYSTEM|Cheque dep member 26864|PROCESSED
RF-79291d10|28/02/2024|27105.8655|KES|CHEQUE|20130|Refund Cheque dep member 20130|FAILED_TXN|SUPERVISOR|Cheque dep member 20130|PROCESSED
RF-723eb16e|26/03/2024|47159.6055|KES|CHEQUE|24664|Refund Cheque deposit for member 24664|DUPLICATE|SYSTEM|Cheque deposit for member 24664|PROCESSED
RF-5b09b74d|21/03/2024|33288.75|KES|MPESA|26325|Refund M-PESA PAY 26325|FAILED_TXN|SYSTEM|M-PESA PAY 26325|PROCESSED
RF-88f7ba87|02/02/2024|5956.44|KES|MPESA|23295|Refund Mobile payment member 23295|DUPLICATE|SUPERVISOR|Mobile payment member 23295|PROCESSED
RF-c6474d87|26/03/2024|34611.4965|KES|MPESA|21212|Refund M-PESA PAY 21212|FAILED_TXN|SUPERVISOR|M-PESA PAY 21212|PROCESSED
RF-329222d9|08/01/2024|38834.27|KES|CHEQUE|25669|Refund Cheque dep member 25669|FAILED_TXN|SUPERVISOR|Cheque dep member 25669|PROCESSED
RF-6a043bd6|31/01/2024|2858.919|KES|CASH|21177|Refund CASH DEP 21177|DUPLICATE|SYSTEM|CASH DEP 21177|PROCESSED
RF-faff14d8|12/02/2024|40331.487|KES|CASH|25066|Refund CASH DEP 25066|DUPLICATE|SUPERVISOR|CASH DEP 25066|PROCESSED
RF-fef13c36|31/03/2024|6447.24|KES|CHEQUE|29005|Refund Cheque dep member 29005|DUPLICATE|SYSTEM|Cheque dep member 29005|PROCESSED
RF-7b315587|12/03/2024|38827.77|KES|MPESA|22732|Refund Mobile payment member 22732|DUPLICATE|SUPERVISOR|Mobile payment member 22732|PROCESSED
RF-a000b2e7|16/02/2024|33445.33|KES|MPESA|21284|Refund MPESA 21284|DUPLICATE|SYSTEM|MPESA 21284|PROCESSED
RF-d8cec4d7|27/02/2024|49838.07|KES|MPESA|25436|Refund Mobile payment member 25436|FAILED_TXN|SYSTEM|Mobile payment member 25436|PROCESSED
RF-28dbeb61|04/01/2024|2762.24|KES|CASH|27268|Refund CASH DEP 27268|DUPLICATE|SUPERVISOR|CASH DEP 27268|PROCESSED
RF-8daffd19|20/01/2024|12884.61|KES|CHEQUE|20953|Refund CHQ DEP MBR 20953|DUPLICATE|SUPERVISOR|CHQ DEP MBR 20953|PROCESSED
RF-821ebaac|28/01/2024|44691.64|KES|CASH|20948|Refund Cash deposit acc 20948|DUPLICATE|SYSTEM|Cash deposit acc 20948|PROCESSED
RF-5af1ae17|20/02/2024|3411.2715|KES|MPESA|25154|Refund MPESA 25154|DUPLICATE|SYSTEM|MPESA 25154|PROCESSED
RF-55a58436|21/03/2024|26777.86|KES|CASH|29093|Refund CASH DEP 29093|FAILED_TXN|SYSTEM|CASH DEP 29093|PROCESSED
RF-c0492b7e|25/03/2024|37856.13|KES|CHEQUE|24710|Refund CHQ DEP MBR 24710|DUPLICATE|SYSTEM|CHQ DEP MBR 24710|PROCESSED
RF-c1b9af95|21/02/2024|28151.99|KES|MPESA|25618|Refund MPESA 25618|DUPLICATE|SUPERVISOR|MPESA 25618|PROCESSED
RF-040cbc97|19/01/2024|16196.4285|KES|CASH|23046|Refund CASH DEP 23046|DUPLICATE|SUPERVISOR|CASH DEP 23046|PROCESSED
RF-a8404f26|06/01/2024|13286.0385|KES|CHEQUE|23864|Refund Cheque deposit for member 23864|DUPLICATE|SYSTEM|Cheque deposit for member 23864|PROCESSED
RF-c34ba76c|19/01/2024|26802.3|KES|MPESA|29546|Refund Mobile payment member 29546|FAILED_TXN|SYSTEM|Mobile payment member 29546|PROCESSED
RF-378327e3|08/02/2024|13949.691|KES|MPESA|20053|Refund Mobile payment member 20053|DUPLICATE|SYSTEM|Mobile payment member 20053|PROCESSED
RF-0271b0a8|05/03/2024|32812.12|KES|CHEQUE|20865|Refund Cheque deposit for member 20865|DUPLICATE|SYSTEM|Cheque deposit for member 20865|PROCESSED
RF-66797660|16/01/2024|23663.556|KES|CHEQUE|20672|Refund CHQ DEP MBR 20672|FAILED_TXN|SUPERVISOR|CHQ DEP MBR 20672|PROCESSED
RF-62f74393|15/01/2024|17564.69|KES|CHEQUE|22805|Refund Cheque dep member 22805|DUPLICATE|SUPERVISOR|Cheque dep member 22805|PROCESSED
RF-572f9854|20/03/2024|46978.97|KES|CASH|25240|Refund CASH DEP 25240|FAILED_TXN|SUPERVISOR|CASH DEP 25240|PROCESSED
RF-533f0ac8|06/03/2024|9953.57|KES|MPESA|25191|Refund MPESA 25191|DUPLICATE|SUPERVISOR|MPESA 25191|PROCESSED
RF-93dbc0cf|13/02/2024|42651.42|KES|CHEQUE|27292|Refund CHQ DEP MBR 27292|DUPLICATE|SUPERVISOR|CHQ DEP MBR 27292|PROCESSED
RF-984cdf69|15/01/2024|16776.0915|KES|MPESA|23845|Refund Mobile payment member 23845|FAILED_TXN|SYSTEM|Mobile payment member 23845|PROCESSED
RF-e94d9482|08/02/2024|40333.86|KES|MPESA|22833|Refund M-PESA PAY 22833|FAILED_TXN|SUPERVISOR|M-PESA PAY 22833|PROCESSED
RF-85f64a2d|25/02/2024|24533.38|KES|MPESA|23936|Refund MPESA 23936|FAILED_TXN|SUPERVISOR|MPESA 23936|PROCESSED
RF-a2d2baca|04/01/2024|23666.15|KES|CASH|25034|Refund CASH DEP 25034|FAILED_TXN|SYSTEM|CASH DEP 25034|PROCESSED
RF-a93c0f8d|26/03/2024|6067.2885|KES|CHEQUE|25581|Refund Cheque deposit for member 25581|DUPLICATE|SUPERVISOR|Cheque deposit for member 25581|PROCESSED
RF-1bfabf80|10/01/2024|40765.368|KES|CHEQUE|22441|Refund CHQ DEP MBR 22441|FAILED_TXN|SYSTEM|CHQ DEP MBR 22441|PROCESSED
RF-199a40be|20/03/2024|22394.64|KES|MPESA|29783|Refund MPESA 29783|FAILED_TXN|SYSTEM|MPESA 29783|PROCESSED
RF-6ba563f8|20/03/2024|52034.6295|KES|CASH|25453|Refund CASH DEP 25453|DUPLICATE|SUPERVISOR|CASH DEP 25453|PROCESSED
RF-377ed9a7|15/03/2024|8878.34|KES|CASH|21694|Refund CASH DEP 21694|DUPLICATE|SYSTEM|CASH DEP 21694|PROCESSED
RF-6dc2a1c3|25/02/2024|21011.54|KES|MPESA|22357|Refund M-PESA PAY 22357|DUPLICATE|SUPERVISOR|M-PESA PAY 22357|PROCESSED
RF-e3a5f386|21/03/2024|49346.262|KES|CASH|25804|Refund Cash deposit acc 25804|FAILED_TXN|SUPERVISOR|Cash deposit acc 25804|PROCESSED
RF-b70506e0|25/02/2024|31968.71|KES|CASH|21995|Refund CASH DEP 21995|FAILED_TXN|SUPERVISOR|CASH DEP 21995|PROCESSED
RF-7858adff|25/02/2024|14151.6375|KES|CHEQUE|22234|Refund Cheque dep member 22234|DUPLICATE|SUPERVISOR|Cheque dep member 22234|PROCESSED
RF-74c138f0|16/03/2024|28393.0395|KES|CASH|21668|Refund CASH DEP 21668|FAILED_TXN|SUPERVISOR|CASH DEP 21668|PROCESSED
RF-e693ffdf|21/03/2024|23497.2|KES|CASH|25175|Refund Cash deposit acc 25175|FAILED_TXN|SYSTEM|Cash deposit acc 25175|PROCESSED
RF-1a26c151|22/01/2024|21829.95|KES|CHEQUE|26263|Refund Cheque deposit for member 26263|FAILED_TXN|SYSTEM|Cheque deposit for member 26263|PROCESSED
RF-a60999e5|26/03/2024|1175.18|KES|CHEQUE|22754|Refund Cheque deposit for member 22754|DUPLICATE|SYSTEM|Cheque deposit for member 22754|PROCESSED
RF-6213a113|18/01/2024|30533.99|KES|MPESA|28029|Refund Mobile payment member 28029|DUPLICATE|SYSTEM|Mobile payment member 28029|PROCESSED
RF-29218c94|23/02/2024|44129.42|KES|CASH|22581|Refund Cash deposit acc 22581|FAILED_TXN|SYSTEM|Cash deposit acc 22581|PROCESSED
RF-de41216a|09/01/2024|50962.905|KES|CHEQUE|27209|Refund Cheque deposit for member 27209|DUPLICATE|SUPERVISOR|Cheque deposit for member 27209|PROCESSED
RF-80876fb8|13/01/2024|26579.616|KES|CASH|25596|Refund CASH DEP 25596|DUPLICATE|SUPERVISOR|CASH DEP 25596|PROCESSED
RF-3ef05287|20/01/2024|24601.26|KES|CHEQUE|26812|Refund Cheque deposit for member 26812|DUPLICATE|SYSTEM|Cheque deposit for member 26812|PROCESSED
RF-173c58cf|23/03/2024|12486.6945|KES|CASH|25499|Refund CASH DEP 25499|FAILED_TXN|SUPERVISOR|CASH DEP 25499|PROCESSED
RF-6025e833|20/01/2024|46258.485|KES|MPESA|21746|Refund M-PESA PAY 21746|DUPLICATE|SUPERVISOR|M-PESA PAY 21746|PROCESSED
RF-131b5a07|07/02/2024|52161.984|KES|MPESA|29065|Refund MPESA 29065|FAILED_TXN|SYSTEM|MPESA 29065|PROCESSED
RF-3b639735|10/03/2024|40993.449|KES|CASH|20278|Refund Cash deposit acc 20278|FAILED_TXN|SYSTEM|Cash deposit acc 20278|PROCESSED
RF-43385d8f|30/01/2024|35195.02|KES|MPESA|29611|Refund M-PESA PAY 29611|FAILED_TXN|SUPERVISOR|M-PESA PAY 29611|PROCESSED
RF-e1127dae|26/01/2024|22112.202|KES|CASH|23482|Refund CASH DEP 23482|DUPLICATE|SUPERVISOR|CASH DEP 23482|PROCESSED
RF-2bc34d52|21/02/2024|48283.77|KES|CHEQUE|20378|Refund Cheque dep member 20378|DUPLICATE|SYSTEM|Cheque dep member 20378|PROCESSED
RF-06998468|06/03/2024|31078.24|KES|CHEQUE|23442|Refund Cheque deposit for member 23442|FAILED_TXN|SYSTEM|Cheque deposit for member 23442|PROCESSED
RF-aa0ff981|21/02/2024|39413.3775|KES|CASH|21714|Refund Cash deposit acc 21714|DUPLICATE|SYSTEM|Cash deposit acc 21714|PROCESSED
RF-4df31d94|11/01/2024|6607.43|KES|CASH|26086|Refund Cash deposit acc 26086|DUPLICATE|SYSTEM|Cash deposit acc 26086|PROCESSED
RF-87b949ca|26/01/2024|10878.53|KES|CHEQUE|22433|Refund CHQ DEP MBR 22433|DUPLICATE|SYSTEM|CHQ DEP MBR 22433|PROCESSED
RF-6f7411db|16/02/2024|27699.87|KES|CHEQUE|26374|Refund Cheque dep member 26374|FAILED_TXN|SUPERVISOR|Cheque dep member 26374|PROCESSED
RF-622bd6ed|04/02/2024|47361.5415|KES|CASH|21387|Refund Cash deposit acc 21387|FAILED_TXN|SYSTEM|Cash deposit acc 21387|PROCESSED
RF-a0e81430|13/01/2024|35787.444|KES|CHEQUE|22231|Refund Cheque dep member 22231|FAILED_TXN|SYSTEM|Cheque dep member 22231|PROCESSED
RF-5c79d5ce|15/01/2024|30491.139|KES|CHEQUE|23216|Refund Cheque dep member 23216|FAILED_TXN|SUPERVISOR|Cheque dep member 23216|PROCESSED
RF-82fbd674|31/03/2024|49497.567|KES|MPESA|27756|Refund Mobile payment member 27756|DUPLICATE|SYSTEM|Mobile payment member 27756|PROCESSED
RF-a9c88733|18/02/2024|42101.0205|KES|CASH|29852|Refund Cash deposit acc 29852|DUPLICATE|SYSTEM|Cash deposit acc 29852|PROCESSED
RF-84a42412|17/03/2024|16567.57|KES|MPESA|23677|Refund M-PESA PAY 23677|DUPLICATE|SYSTEM|M-PESA PAY 23677|PROCESSED
RF-1bf69bf1|19/03/2024|47322.73|KES|CASH|28441|Refund CASH DEP 28441|DUPLICATE|SUPERVISOR|CASH DEP 28441|PROCESSED
RF-b6baad0b|06/03/2024|43310.7045|KES|CHEQUE|24489|Refund CHQ DEP MBR 24489|DUPLICATE|SYSTEM|CHQ DEP MBR 24489|PROCESSED
RF-ece54307|25/03/2024|3538.773|KES|CASH|29432|Refund Cash deposit acc 29432|DUPLICATE|SUPERVISOR|Cash deposit acc 29432|PROCESSED
RF-23db3aa8|18/01/2024|30797.6025|KES|CASH|20118|Refund Cash deposit acc 20118|FAILED_TXN|SUPERVISOR|Cash deposit acc 20118|PROCESSED
RF-e675e5e4|28/01/2024|14184.27|KES|CHEQUE|28615|Refund CHQ DEP MBR 28615|FAILED_TXN|SUPERVISOR|CHQ DEP MBR 28615|PROCESSED
RF-efb0b350|01/03/2024|52307.934|KES|CASH|24937|Refund CASH DEP 24937|DUPLICATE|SUPERVISOR|CASH DEP 24937|PROCESSED
RF-f2a4f013|05/03/2024|48872.84|KES|CHEQUE|27209|Refund CHQ DEP MBR 27209|DUPLICATE|SYSTEM|CHQ DEP MBR 27209|PROCESSED
RF-56c998c9|04/03/2024|30813.6885|KES|CHEQUE|21153|Refund CHQ DEP MBR 21153|DUPLICATE|SUPERVISOR|CHQ DEP MBR 21153|PROCESSED
RF-35232331|20/01/2024|8673.2415|KES|MPESA|22928|Refund MPESA 22928|FAILED_TXN|SYSTEM|MPESA 22928|PROCESSED
RF-5559fb6d|14/02/2024|45288.29|KES|MPESA|28500|Refund Mobile payment member 28500|FAILED_TXN|SUPERVISOR|Mobile payment member 28500|PROCESSED
RF-ce8907d6|18/01/2024|20488.37|KES|CASH|20497|Refund CASH DEP 20497|FAILED_TXN|SUPERVISOR|CASH DEP 20497|PROCESSED
RF-b3a27104|20/03/2024|2523.39|KES|CASH|26195|Refund Cash deposit acc 26195|FAILED_TXN|SYSTEM|Cash deposit acc 26195|PROCESSED
RF-681020ae|08/01/2024|32450.95|KES|CHEQUE|28072|Refund CHQ DEP MBR 28072|FAILED_TXN|SYSTEM|CHQ DEP MBR 28072|PROCESSED
RF-31d27ca9|10/03/2024|39381.99|KES|CHEQUE|25977|Refund Cheque dep member 25977|FAILED_TXN|SUPERVISOR|Cheque dep member 25977|PROCESSED
RF-aebbdd6e|17/02/2024|6590.61|KES|CHEQUE|23742|Refund Cheque dep member 23742|FAILED_TXN|SUPERVISOR|Cheque dep member 23742|PROCESSED
RF-353d2358|29/02/2024|22433.86|KES|CHEQUE|27785|Refund CHQ DEP MBR 27785|DUPLICATE|SYSTEM|CHQ DEP MBR 27785|PROCESSED
RF-e1c7ffe4|30/01/2024|14455.8645|KES|CASH|21024|Refund Cash deposit acc 21024|DUPLICATE|SUPERVISOR|Cash deposit acc 21024|PROCESSED
RF-32b2764a|15/01/2024|30809.646|KES|CASH|29283|Refund Cash deposit acc 29283|DUPLICATE|SYSTEM|Cash deposit acc 29283|PROCESSED
RF-deed5459|20/02/2024|6091.953|KES|CHEQUE|23209|Refund Cheque deposit for member 23209|DUPLICATE|SUPERVISOR|Cheque deposit for member 23209|PROCESSED
RF-46003b14|10/01/2024|19313.637|KES|CHEQUE|28897|Refund Cheque dep member 28897|FAILED_TXN|SUPERVISOR|Cheque dep member 28897|PROCESSED
RF-1871b2fc|12/01/2024|37702.1505|KES|CASH|25812|Refund CASH DEP 25812|FAILED_TXN|SYSTEM|CASH DEP 25812|PROCESSED
RF-0c5a9d04|17/01/2024|46279.4535|KES|CASH|29625|Refund Cash deposit acc 29625|DUPLICATE|SYSTEM|Cash deposit acc 29625|PROCESSED
RF-4ef4470b|21/01/2024|5535.68|KES|CHEQUE|25250|Refund CHQ DEP MBR 25250|DUPLICATE|SUPERVISOR|CHQ DEP MBR 25250|PROCESSED
RF-b96a07e6|01/03/2024|23403.28|KES|CHEQUE|20138|Refund Cheque deposit for member 20138|DUPLICATE|SYSTEM|Cheque deposit for member 20138|PROCESSED
RF-f9990f42|16/01/2024|43885.275|KES|CASH|20695|Refund Cash deposit acc 20695|FAILED_TXN|SUPERVISOR|Cash deposit acc 20695|PROCESSED
RF-7b9d1408|01/03/2024|19820.7345|KES|CHEQUE|26885|Refund Cheque deposit for member 26885|FAILED_TXN|SUPERVISOR|Cheque deposit for member 26885|PROCESSED
RF-a57d9c96|31/01/2024|20619.207|KES|CHEQUE|23184|Refund Cheque dep member 23184|DUPLICATE|SUPERVISOR|Cheque dep member 23184|PROCESSED
RF-a86bb77d|03/01/2024|43952.4855|KES|CHEQUE|22879|Refund Cheque dep member 22879|DUPLICATE|SUPERVISOR|Cheque dep member 22879|PROCESSED
RF-af9f636a|18/02/2024|8288.889|KES|CHEQUE|23875|Refund Cheque deposit for member 23875|DUPLICATE|SUPERVISOR|Cheque deposit for member 23875|PROCESSED
RF-3489de24|02/04/2024|12185.96|KES|MPESA|29434|Refund MPESA 29434|FAILED_TXN|SYSTEM|MPESA 29434|PROCESSED
RF-32cfa59c|27/03/2024|15459.87|KES|CASH|24143|Refund CASH DEP 24143|DUPLICATE|SUPERVISOR|CASH DEP 24143|PROCESSED
RF-e5b9e920|04/01/2024|46032.18|KES|CHEQUE|20041|Refund Cheque dep member 20041|FAILED_TXN|SUPERVISOR|Cheque dep member 20041|PROCESSED
RF-811b6bca|27/03/2024|20789.09|KES|MPESA|27890|Refund M-PESA PAY 27890|FAILED_TXN|SYSTEM|M-PESA PAY 27890|PROCESSED
RF-26a0b13a|18/03/2024|47454.62|KES|CASH|25596|Refund CASH DEP 25596|FAILED_TXN|SUPERVISOR|CASH DEP 25596|PROCESSED
RF-46222411|14/02/2024|28705.13|KES|CHEQUE|24599|Refund Cheque dep member 24599|FAILED_TXN|SUPERVISOR|Cheque dep member 24599|PROCESSED
RF-3ebe72a3|02/02/2024|43970.5035|KES|CHEQUE|27141|Refund Cheque dep member 27141|FAILED_TXN|SUPERVISOR|Cheque dep member 27141|PROCESSED
RF-8a2563e0|28/02/2024|23095.94|KES|CHEQUE|25514|Refund Cheque deposit for member 25514|FAILED_TXN|SYSTEM|Cheque deposit for member 25514|PROCESSED
RF-a9525a3f|29/03/2024|2737.308|KES|CASH|28188|Refund Cash deposit acc 28188|DUPLICATE|SYSTEM|Cash deposit acc 28188|PROCESSED
RF-969278cf|08/01/2024|35963.907|KES|CASH|21601|Refund CASH DEP 21601|FAILED_TXN|SYSTEM|CASH DEP 21601|PROCESSED
RF-3c44c8bb|30/01/2024|43052.77|KES|CASH|25688|Refund Cash deposit acc 25688|FAILED_TXN|SYSTEM|Cash deposit acc 25688|PROCESSED
RF-792c1279|04/04/2024|44880.77|KES|MPESA|27021|Refund Mobile payment member 27021|DUPLICATE|SYSTEM|Mobile payment member 27021|PROCESSED
RF-5f22ab27|30/03/2024|36926.52|KES|MPESA|28042|Refund Mobile payment member 28042|FAILED_TXN|SUPERVISOR|Mobile payment member 28042|PROCESSED
RF-113e55ec|25/01/2024|39205.824|KES|CHEQUE|27685|Refund Cheque deposit for member 27685|FAILED_TXN|SYSTEM|Cheque deposit for member 27685|PROCESSED
RF-b7d47357|18/03/2024|20333.6|KES|CASH|29153|Refund Cash deposit acc 29153|FAILED_TXN|SYSTEM|Cash deposit acc 29153|PROCESSED
RF-350b7cad|01/04/2024|16195.84|KES|CHEQUE|28719|Refund Cheque deposit for member 28719|FAILED_TXN|SYSTEM|Cheque deposit for member 28719|PROCESSED
RF-90ad59c5|13/02/2024|6752.6|KES|CASH|26299|Refund Cash deposit acc 26299|DUPLICATE|SYSTEM|Cash deposit acc 26299|PROCESSED
RF-1bab430d|09/03/2024|34624.9995|KES|CHEQUE|22596|Refund Cheque dep member 22596|DUPLICATE|SYSTEM|Cheque dep member 22596|PROCESSED
RF-3a67e01c|02/03/2024|18421.7985|KES|MPESA|20204|Refund MPESA 20204|DUPLICATE|SUPERVISOR|MPESA 20204|PROCESSED
RF-96ce4778|02/03/2024|10133.5395|KES|CASH|26832|Refund Cash deposit acc 26832|FAILED_TXN|SUPERVISOR|Cash deposit acc 26832|PROCESSED
RF-06d7c03f|19/01/2024|18032.91|KES|CASH|25139|Refund Cash deposit acc 25139|DUPLICATE|SUPERVISOR|Cash deposit acc 25139|PROCESSED
RF-8cf107a8|10/01/2024|3768.786|KES|MPESA|22089|Refund M-PESA PAY 22089|DUPLICATE|SUPERVISOR|M-PESA PAY 22089|PROCESSED
RF-d11baf07|10/01/2024|5569.28|KES|MPESA|20672|Refund Mobile payment member 20672|DUPLICATE|SYSTEM|Mobile payment member 20672|PROCESSED
RF-6349ef88|17/03/2024|34558.44|KES|CASH|21490|Refund CASH DEP 21490|FAILED_TXN|SYSTEM|CASH DEP 21490|PROCESSED
RF-cec14ec4|29/03/2024|34733.37|KES|CASH|29517|Refund Cash deposit acc 29517|FAILED_TXN|SYSTEM|Cash deposit acc 29517|PROCESSED
RF-641a46f1|17/01/2024|10653.61|KES|MPESA|26857|Refund Mobile payment member 26857|DUPLICATE|SUPERVISOR|Mobile payment member 26857|PROCESSED
RF-edb31242|15/01/2024|3616.9|KES|CHEQUE|26614|Refund CHQ DEP MBR 26614|DUPLICATE|SUPERVISOR|CHQ DEP MBR 26614|PROCESSED
RF-ac90168b|13/03/2024|2681.5215|KES|MPESA|29392|Refund MPESA 29392|FAILED_TXN|SUPERVISOR|MPESA 29392|PROCESSED
RF-53e55dff|18/03/2024|37086.18|KES|CASH|20616|Refund Cash deposit acc 20616|FAILED_TXN|SYSTEM|Cash deposit acc 20616|PROCESSED
RF-f6310cde|03/04/2024|25012.54|KES|CHEQUE|28265|Refund Cheque deposit for member 28265|DUPLICATE|SYSTEM|Cheque deposit for member 28265|PROCESSED
RF-a7c0e66f|12/02/2024|42756.6|KES|MPESA|23909|Refund Mobile payment member 23909|DUPLICATE|SYSTEM|Mobile payment member 23909|PROCESSED
RF-433f4057|11/03/2024|11232.2595|KES|MPESA|24931|Refund MPESA 24931|DUPLICATE|SUPERVISOR|MPESA 24931|PROCESSED
RF-23794448|02/04/2024|28009.99|KES|MPESA|21234|Refund Mobile payment member 21234|DUPLICATE|SYSTEM|Mobile payment member 21234|PROCESSED
RF-f2fe72c3|14/03/2024|8697.42|KES|CASH|22461|Refund CASH DEP 22461|FAILED_TXN|SYSTEM|CASH DEP 22461|PROCESSED
RF-a46143cb|24/03/2024|4358.193|KES|CASH|26708|Refund CASH DEP 26708|DUPLICATE|SYSTEM|CASH DEP 26708|PROCESSED
RF-b862cecc|09/02/2024|7090.776|KES|CHEQUE|23776|Refund Cheque deposit for member 23776|FAILED_TXN|SYSTEM|Cheque deposit for member 23776|PROCESSED
RF-e5ff6503|05/03/2024|37443.7|KES|CHEQUE|24767|Refund Cheque dep member 24767|DUPLICATE|SUPERVISOR|Cheque dep member 24767|PROCESSED
RF-01d74d95|29/03/2024|37752.9075|KES|MPESA|29190|Refund M-PESA PAY 29190|DUPLICATE|SYSTEM|M-PESA PAY 29190|PROCESSED
RF-8beaae3b|28/01/2024|13200.02|KES|CASH|29870|Refund CASH DEP 29870|DUPLICATE|SYSTEM|CASH DEP 29870|PROCESSED
RF-4cb742d2|08/01/2024|4818.9645|KES|CHEQUE|29613|Refund Cheque deposit for member 29613|FAILED_TXN|SUPERVISOR|Cheque deposit for member 29613|PROCESSED
RF-19820bfd|27/01/2024|3693.27|KES|MPESA|24923|Refund M-PESA PAY 24923|DUPLICATE|SUPERVISOR|M-PESA PAY 24923|PROCESSED
RF-4f6dbced|25/03/2024|7212.0615|KES|CASH|21103|Refund CASH DEP 21103|FAILED_TXN|SUPERVISOR|CASH DEP 21103|PROCESSED
RF-b4eaa56c|29/01/2024|12677.09|KES|MPESA|26924|Refund Mobile payment member 26924|DUPLICATE|SYSTEM|Mobile payment member 26924|PROCESSED
RF-1fefe2cf|22/02/2024|2088.19|KES|CHEQUE|27782|Refund CHQ DEP MBR 27782|DUPLICATE|SUPERVISOR|CHQ DEP MBR 27782|PROCESSED
RF-afa62a27|13/01/2024|40823.6325|KES|CASH|26035|Refund CASH DEP 26035|DUPLICATE|SYSTEM|CASH DEP 26035|PROCESSED
RF-11c51c7c|22/03/2024|6893.25|KES|CHEQUE|20054|Refund Cheque deposit for member 20054|FAILED_TXN|SUPERVISOR|Cheque deposit for member 20054|PROCESSED
RF-1f76e812|04/03/2024|19148.7555|KES|CHEQUE|26623|Refund Cheque dep member 26623|DUPLICATE|SYSTEM|Cheque dep member 26623|PROCESSED
RF-b982518f|07/03/2024|36368.4|KES|CASH|28410|Refund Cash deposit acc 28410|DUPLICATE|SUPERVISOR|Cash deposit acc 28410|PROCESSED
RF-e0383188|08/02/2024|46254.13|KES|CHEQUE|21864|Refund CHQ DEP MBR 21864|FAILED_TXN|SYSTEM|CHQ DEP MBR 21864|PROCESSED
RF-89d6bb9d|10/02/2024|43030.2|KES|CASH|21512|Refund CASH DEP 21512|FAILED_TXN|SYSTEM|CASH DEP 21512|PROCESSED
RF-e70e2a59|21/01/2024|25075.827|KES|CASH|20775|Refund Cash deposit acc 20775|FAILED_TXN|SYSTEM|Cash deposit acc 20775|PROCESSED
RF-f9973924|10/03/2024|20277.285|KES|MPESA|20924|Refund Mobile payment member 20924|FAILED_TXN|SUPERVISOR|Mobile payment member 20924|PROCESSED
RF-95815392|06/02/2024|37083.17|KES|CASH|21093|Refund CASH DEP 21093|FAILED_TXN|SUPERVISOR|CASH DEP 21093|PROCESSED
RF-172f1a87|15/01/2024|48696.522|KES|CASH|28054|Refund CASH DEP 28054|DUPLICATE|SUPERVISOR|CASH DEP 28054|PROCESSED
RF-60efd609|26/02/2024|49524.74|KES|MPESA|20628|Refund M-PESA PAY 20628|FAILED_TXN|SUPERVISOR|M-PESA PAY 20628|PROCESSED
RF-774afb50|26/01/2024|45662.5785|KES|CHEQUE|28765|Refund Cheque deposit for member 28765|DUPLICATE|SYSTEM|Cheque deposit for member 28765|PROCESSED
RF-5cc1cce7|16/03/2024|48773.634|KES|MPESA|21684|Refund M-PESA PAY 21684|DUPLICATE|SUPERVISOR|M-PESA PAY 21684|PROCESSED
RF-98d7fcd8|02/03/2024|9744.67|KES|CASH|28835|Refund CASH DEP 28835|DUPLICATE|SUPERVISOR|CASH DEP 28835|PROCESSED
RF-0bd807ca|06/02/2024|15387.24|KES|CASH|24600|Refund Cash deposit acc 24600|DUPLICATE|SUPERVISOR|Cash deposit acc 24600|PROCESSED
RF-d186a9b9|12/01/2024|29912.778|KES|CHEQUE|20781|Refund Cheque deposit for member 20781|FAILED_TXN|SUPERVISOR|Cheque deposit for member 20781|PROCESSED
RF-51bfd6fb|11/02/2024|31102.995|KES|CASH|25562|Refund CASH DEP 25562|DUPLICATE|SUPERVISOR|CASH DEP 25562|PROCESSED
RF-40cec5d1|09/02/2024|4136.8005|KES|CHEQUE|23058|Refund Cheque deposit for member 23058|FAILED_TXN|SUPERVISOR|Cheque deposit for member 23058|PROCESSED
RF-77cfa879|23/01/2024|23455.63|KES|CASH|29322|Refund Cash deposit acc 29322|DUPLICATE|SUPERVISOR|Cash deposit acc 29322|PROCESSED
RF-7f2972e6|24/02/2024|10657.12|KES|CHEQUE|25038|Refund Cheque deposit for member 25038|FAILED_TXN|SUPERVISOR|Cheque deposit for member 25038|PROCESSED
RF-191c5407|01/02/2024|19144.42|KES|MPESA|20790|Refund M-PESA PAY 20790|DUPLICATE|SUPERVISOR|M-PESA PAY 20790|PROCESSED
RF-f03d5c98|09/01/2024|38570.931|KES|CASH|22395|Refund CASH DEP 22395|FAILED_TXN|SUPERVISOR|CASH DEP 22395|PROCESSED
RF-5fff7263|30/01/2024|18429.5475|KES|CASH|22949|Refund CASH DEP 22949|DUPLICATE|SUPERVISOR|CASH DEP 22949|PROCESSED
RF-91fab5c8|31/01/2024|37347.933|KES|CASH|26153|Refund CASH DEP 26153|FAILED_TXN|SUPERVISOR|CASH DEP 26153|PROCESSED
RF-de91c25a|25/02/2024|8007.48|KES|CASH|27422|Refund Cash deposit acc 27422|DUPLICATE|SUPERVISOR|Cash deposit acc 27422|PROCESSED
RF-9d78d4ee|18/01/2024|3801.12|KES|CHEQUE|24719|Refund Cheque deposit for member 24719|FAILED_TXN|SYSTEM|Cheque deposit for member 24719|PROCESSED
RF-497d749d|18/02/2024|45214.95|KES|CASH|24272|Refund Cash deposit acc 24272|DUPLICATE|SUPERVISOR|Cash deposit acc 24272|PROCESSED
RF-4eb86bdb|13/02/2024|4726.45|KES|MPESA|26537|Refund MPESA 26537|DUPLICATE|SUPERVISOR|MPESA 26537|PROCESSED
RF-c7f6816e|23/01/2024|1945.03|KES|CASH|25776|Refund CASH DEP 25776|DUPLICATE|SUPERVISOR|CASH DEP 25776|PROCESSED
RF-5ddf95e0|29/02/2024|30830.898|KES|MPESA|26252|Refund Mobile payment member 26252|DUPLICATE|SUPERVISOR|Mobile payment member 26252|PROCESSED
RF-83cb5697|22/03/2024|24032.76|KES|CHEQUE|27362|Refund Cheque deposit for member 27362|DUPLICATE|SYSTEM|Cheque deposit for member 27362|PROCESSED
RF-471ae6a4|18/03/2024|36599.5245|KES|MPESA|24207|Refund MPESA 24207|FAILED_TXN|SUPERVISOR|MPESA 24207|PROCESSED
RF-fd1dc12b|29/03/2024|14940.18|KES|MPESA|23460|Refund Mobile payment member 23460|FAILED_TXN|SYSTEM|Mobile payment member 23460|PROCESSED
RF-77885095|31/01/2024|14244.72|KES|CASH|24185|Refund CASH DEP 24185|DUPLICATE|SYSTEM|CASH DEP 24185|PROCESSED
RF-e5d6a1b4|28/03/2024|38775.3|KES|CHEQUE|26205|Refund Cheque deposit for member 26205|DUPLICATE|SUPERVISOR|Cheque deposit for member 26205|PROCESSED
RF-a9cbf0b6|18/02/2024|44248.071|KES|CASH|22871|Refund CASH DEP 22871|FAILED_TXN|SUPERVISOR|CASH DEP 22871|PROCESSED
RF-69992180|25/02/2024|11141.109|KES|MPESA|23971|Refund M-PESA PAY 23971|FAILED_TXN|SUPERVISOR|M-PESA PAY 23971|PROCESSED
RF-b3816a59|20/03/2024|5095.38|KES|CASH|26763|Refund Cash deposit acc 26763|DUPLICATE|SUPERVISOR|Cash deposit acc 26763|PROCESSED
RF-bae8f143|18/02/2024|32872.3|KES|MPESA|26944|Refund M-PESA PAY 26944|DUPLICATE|SUPERVISOR|M-PESA PAY 26944|PROCESSED
RF-b5d1f768|29/01/2024|13689.291|KES|MPESA|22574|Refund MPESA 22574|FAILED_TXN|SYSTEM|MPESA 22574|PROCESSED
RF-2211f510|20/02/2024|22068.8|KES|MPESA|21392|Refund M-PESA PAY 21392|DUPLICATE|SYSTEM|M-PESA PAY 21392|PROCESSED
RF-6e5da8de|22/01/2024|21523.9|KES|MPESA|23207|Refund M-PESA PAY 23207|DUPLICATE|SYSTEM|M-PESA PAY 23207|PROCESSED
RF-5eb5fd3b|14/02/2024|2183.71|KES|CASH|20159|Refund Cash deposit acc 20159|DUPLICATE|SYSTEM|Cash deposit acc 20159|PROCESSED
RF-201ad6e5|10/03/2024|48706.93|KES|CASH|22219|Refund Cash deposit acc 22219|DUPLICATE|SUPERVISOR|Cash deposit acc 22219|PROCESSED
RF-d76766b0|11/02/2024|34525.83|KES|CHEQUE|22290|Refund CHQ DEP MBR 22290|DUPLICATE|SYSTEM|CHQ DEP MBR 22290|PROCESSED
RF-a7b764aa|31/03/2024|40261.8825|KES|CASH|23924|Refund CASH DEP 23924|DUPLICATE|SYSTEM|CASH DEP 23924|PROCESSED
RF-409300d1|20/02/2024|20986.665|KES|CASH|22174|Refund CASH DEP 22174|FAILED_TXN|SYSTEM|CASH DEP 22174|PROCESSED
RF-738b5308|18/01/2024|22741.77|KES|CASH|22059|Refund Cash deposit acc 22059|DUPLICATE|SYSTEM|Cash deposit acc 22059|PROCESSED
RF-a5c9c17b|06/03/2024|14160.153|KES|MPESA|22714|Refund MPESA 22714|DUPLICATE|SYSTEM|MPESA 22714|PROCESSED
RF-4b0ca36c|27/02/2024|35933.8035|KES|MPESA|22486|Refund M-PESA PAY 22486|FAILED_TXN|SYSTEM|M-PESA PAY 22486|PROCESSED
RF-691d9dd6|04/03/2024|25322.6925|KES|CASH|28397|Refund CASH DEP 28397|DUPLICATE|SUPERVISOR|CASH DEP 28397|PROCESSED
RF-97289b45|21/03/2024|20197.653|KES|CASH|25681|Refund Cash deposit acc 25681|FAILED_TXN|SYSTEM|Cash deposit acc 25681|PROCESSED
RF-fc01ca47|21/03/2024|34775.958|KES|CASH|29024|Refund Cash deposit acc 29024|FAILED_TXN|SUPERVISOR|Cash deposit acc 29024|PROCESSED
RF-9c682fff|18/03/2024|23856.8505|KES|CASH|29236|Refund CASH DEP 29236|FAILED_TXN|SYSTEM|CASH DEP 29236|PROCESSED
RF-f342a54d|29/01/2024|49432.488|KES|CASH|21909|Refund CASH DEP 21909|DUPLICATE|SUPERVISOR|CASH DEP 21909|PROCESSED
RF-7925a1c7|13/01/2024|15990.5445|KES|MPESA|28013|Refund MPESA 28013|DUPLICATE|SYSTEM|MPESA 28013|PROCESSED
RF-6931bb4f|05/02/2024|40296.6|KES|CHEQUE|28169|Refund Cheque dep member 28169|FAILED_TXN|SYSTEM|Cheque dep member 28169|PROCESSED
RF-bd25e1e8|02/03/2024|18455|KES|CASH|20714|Refund Cash deposit acc 20714|FAILED_TXN|SYSTEM|Cash deposit acc 20714|PROCESSED
RF-301398fe|08/03/2024|17438.9775|KES|MPESA|24985|Refund MPESA 24985|DUPLICATE|SUPERVISOR|MPESA 24985|PROCESSED
RF-16887517|24/03/2024|43968.27|KES|MPESA|27988|Refund Mobile payment member 27988|FAILED_TXN|SUPERVISOR|Mobile payment member 27988|PROCESSED
RF-608d9aae|11/02/2024|19547.9|KES|CHEQUE|24353|Refund Cheque dep member 24353|DUPLICATE|SYSTEM|Cheque dep member 24353|PROCESSED
RF-e351bb2c|12/02/2024|35749.4025|KES|MPESA|28518|Refund Mobile payment member 28518|DUPLICATE|SUPERVISOR|Mobile payment member 28518|PROCESSED
RF-bbf67c98|14/01/2024|7370.0445|KES|CHEQUE|23078|Refund Cheque deposit for member 23078|FAILED_TXN|SUPERVISOR|Cheque deposit for member 23078|PROCESSED
RF-f5a85c7f|07/03/2024|21772.023|KES|CASH|24551|Refund CASH DEP 24551|FAILED_TXN|SUPERVISOR|CASH DEP 24551|PROCESSED
RF-b4960ad2|14/02/2024|5246.19|KES|CASH|28000|Refund Cash deposit acc 28000|DUPLICATE|SUPERVISOR|Cash deposit acc 28000|PROCESSED
RF-ed646970|09/02/2024|38807.02|KES|CHEQUE|23447|Refund CHQ DEP MBR 23447|FAILED_TXN|SYSTEM|CHQ DEP MBR 23447|PROCESSED
RF-49a0fe5a|06/03/2024|22800.8235|KES|CASH|27480|Refund CASH DEP 27480|FAILED_TXN|SYSTEM|CASH DEP 27480|PROCESSED
RF-596efbbf|19/02/2024|4674.579|KES|CASH|22986|Refund CASH DEP 22986|DUPLICATE|SUPERVISOR|CASH DEP 22986|PROCESSED
RF-98cd991b|10/02/2024|32192.35|KES|MPESA|22219|Refund Mobile payment member 22219|FAILED_TXN|SUPERVISOR|Mobile payment member 22219|PROCESSED
RF-73abee6d|24/03/2024|3232.14|KES|MPESA|24961|Refund MPESA 24961|DUPLICATE|SYSTEM|MPESA 24961|PROCESSED
RF-b8132813|06/03/2024|5306.2065|KES|CHEQUE|26462|Refund Cheque dep member 26462|DUPLICATE|SYSTEM|Cheque dep member 26462|PROCESSED
RF-1c2f69f5|19/03/2024|42325.56|KES|CHEQUE|25549|Refund Cheque deposit for member 25549|FAILED_TXN|SUPERVISOR|Cheque deposit for member 25549|PROCESSED
RF-b728cfba|02/04/2024|6264.71|KES|CHEQUE|26912|Refund CHQ DEP MBR 26912|FAILED_TXN|SUPERVISOR|CHQ DEP MBR 26912|PROCESSED
RF-e0d4877c|15/01/2024|21425.93|KES|CASH|20818|Refund CASH DEP 20818|DUPLICATE|SUPERVISOR|CASH DEP 20818|PROCESSED
RF-8a5107ef|10/03/2024|27187.146|KES|MPESA|24584|Refund Mobile payment member 24584|DUPLICATE|SYSTEM|Mobile payment member 24584|PROCESSED
RF-45b86882|01/03/2024|51320.3145|KES|CASH|22780|Refund CASH DEP 22780|DUPLICATE|SYSTEM|CASH DEP 22780|PROCESSED
RF-a6d44c7f|03/02/2024|7134.28|KES|MPESA|23830|Refund Mobile payment member 23830|FAILED_TXN|SYSTEM|Mobile payment member 23830|PROCESSED
RF-8d5d2fa0|02/02/2024|25799.7495|KES|MPESA|21176|Refund MPESA 21176|FAILED_TXN|SYSTEM|MPESA 21176|PROCESSED
RF-37a4add3|02/03/2024|4082.34|KES|CHEQUE|28916|Refund Cheque dep member 28916|DUPLICATE|SUPERVISOR|Cheque dep member 28916|PROCESSED
RF-8f17a022|15/01/2024|29401.79|KES|CHEQUE|24828|Refund Cheque dep member 24828|DUPLICATE|SUPERVISOR|Cheque dep member 24828|PROCESSED
RF-6565536c|12/02/2024|32184.0015|KES|MPESA|24917|Refund M-PESA PAY 24917|FAILED_TXN|SUPERVISOR|M-PESA PAY 24917|PROCESSED
RF-bf87c5b4|13/01/2024|26414.1465|KES|CASH|26453|Refund CASH DEP 26453|DUPLICATE|SUPERVISOR|CASH DEP 26453|PROCESSED
RF-a5e8fc5f|09/03/2024|9140.061|KES|CHEQUE|29732|Refund Cheque deposit for member 29732|DUPLICATE|SYSTEM|Cheque deposit for member 29732|PROCESSED
RF-b3132d24|25/01/2024|49867.02|KES|CASH|27280|Refund CASH DEP 27280|FAILED_TXN|SUPERVISOR|CASH DEP 27280|PROCESSED
RF-61efdf03|11/03/2024|1853.83|KES|CHEQUE|28334|Refund Cheque deposit for member 28334|DUPLICATE|SYSTEM|Cheque deposit for member 28334|PROCESSED
RF-e1ef788b|16/02/2024|43039.24|KES|CHEQUE|23003|Refund Cheque dep member 23003|FAILED_TXN|SYSTEM|Cheque dep member 23003|PROCESSED
RF-b5080ff8|22/02/2024|28088.151|KES|CHEQUE|27884|Refund Cheque dep member 27884|FAILED_TXN|SUPERVISOR|Cheque dep member 27884|PROCESSED
RF-0bd97e98|04/01/2024|40351.08|KES|CHEQUE|25891|Refund Cheque dep member 25891|FAILED_TXN|SUPERVISOR|Cheque dep member 25891|PROCESSED
RF-8b52d50d|30/01/2024|34827.33|KES|MPESA|27173|Refund M-PESA PAY 27173|FAILED_TXN|SUPERVISOR|M-PESA PAY 27173|PROCESSED
RF-1b337434|27/03/2024|20088.306|KES|MPESA|29080|Refund MPESA 29080|DUPLICATE|SUPERVISOR|MPESA 29080|PROCESSED
RF-0c70ff41|10/02/2024|30204.1|KES|CHEQUE|27066|Refund Cheque deposit for member 27066|DUPLICATE|SUPERVISOR|Cheque deposit for member 27066|PROCESSED
RF-aa1b8684|02/03/2024|6752.6025|KES|MPESA|21582|Refund Mobile payment member 21582|DUPLICATE|SYSTEM|Mobile payment member 21582|PROCESSED
RF-c07f21e9|02/02/2024|24083.27|KES|CASH|29518|Refund Cash deposit acc 29518|DUPLICATE|SUPERVISOR|Cash deposit acc 29518|PROCESSED
RF-0fe48fcc|26/02/2024|2033.52|KES|CHEQUE|25518|Refund Cheque dep member 25518|FAILED_TXN|SUPERVISOR|Cheque dep member 25518|PROCESSED
RF-6893cd41|08/01/2024|37353.5715|KES|CHEQUE|23010|Refund CHQ DEP MBR 23010|DUPLICATE|SUPERVISOR|CHQ DEP MBR 23010|PROCESSED
RF-d29e39f7|30/01/2024|28037.96|KES|MPESA|27191|Refund Mobile payment member 27191|FAILED_TXN|SYSTEM|Mobile payment member 27191|PROCESSED
RF-c28b8793|23/02/2024|6025.656|KES|CASH|23549|Refund Cash deposit acc 23549|DUPLICATE|SYSTEM|Cash deposit acc 23549|PROCESSED
RF-dafcaa98|16/01/2024|35837.23|KES|CASH|23008|Refund Cash deposit acc 23008|DUPLICATE|SYSTEM|Cash deposit acc 23008|PROCESSED
RF-12314639|29/01/2024|41783.343|KES|CHEQUE|29085|Refund CHQ DEP MBR 29085|DUPLICATE|SUPERVISOR|CHQ DEP MBR 29085|PROCESSED
RF-f85cc37e|20/02/2024|13153.77|KES|CHEQUE|22302|Refund CHQ DEP MBR 22302|DUPLICATE|SUPERVISOR|CHQ DEP MBR 22302|PROCESSED
RF-e05c1ca1|12/03/2024|36180.26|KES|CASH|21859|Refund CASH DEP 21859|FAILED_TXN|SYSTEM|CASH DEP 21859|PROCESSED
RF-38ab5fce|08/02/2024|45829.03|KES|CASH|25120|Refund CASH DEP 25120|DUPLICATE|SUPERVISOR|CASH DEP 25120|PROCESSED
RF-8a53e24c|03/02/2024|542.8395|KES|CHEQUE|28957|Refund Cheque dep member 28957|FAILED_TXN|SYSTEM|Cheque dep member 28957|PROCESSED
RF-a941d555|01/04/2024|26856.1965|KES|CASH|26566|Refund Cash deposit acc 26566|DUPLICATE|SYSTEM|Cash deposit acc 26566|PROCESSED
RF-ac4931e5|28/01/2024|11533.011|KES|MPESA|28813|Refund M-PESA PAY 28813|DUPLICATE|SYSTEM|M-PESA PAY 28813|PROCESSED
RF-5160e3a9|13/02/2024|39059.11|KES|CASH|20663|Refund Cash deposit acc 20663|FAILED_TXN|SYSTEM|Cash deposit acc 20663|PROCESSED
RF-b07d26d1|25/02/2024|34028.69|KES|CASH|25111|Refund Cash deposit acc 25111|FAILED_TXN|SYSTEM|Cash deposit acc 25111|PROCESSED
RF-46b89b05|09/03/2024|3424.3125|KES|CASH|29875|Refund Cash deposit acc 29875|DUPLICATE|SUPERVISOR|Cash deposit acc 29875|PROCESSED
RF-9f5f351a|25/01/2024|51991.9365|KES|MPESA|26379|Refund Mobile payment member 26379|FAILED_TXN|SUPERVISOR|Mobile payment member 26379|PROCESSED
RF-e6eddf91|27/01/2024|33137.916|KES|CASH|29356|Refund CASH DEP 29356|DUPLICATE|SUPERVISOR|CASH DEP 29356|PROCESSED
RF-e756be9a|23/02/2024|2163.02|KES|CHEQUE|23063|Refund Cheque dep member 23063|DUPLICATE|SYSTEM|Cheque dep member 23063|PROCESSED
RF-c73d62e5|06/03/2024|20389.3515|KES|CASH|23170|Refund CASH DEP 23170|FAILED_TXN|SYSTEM|CASH DEP 23170|PROCESSED
RF-d816f5bc|12/02/2024|10857.21|KES|CASH|28341|Refund CASH DEP 28341|FAILED_TXN|SUPERVISOR|CASH DEP 28341|PROCESSED
RF-311e3844|07/03/2024|6482.0805|KES|MPESA|27110|Refund M-PESA PAY 27110|DUPLICATE|SUPERVISOR|M-PESA PAY 27110|PROCESSED
RF-21aa9e65|09/03/2024|5546.898|KES|CHEQUE|29485|Refund CHQ DEP MBR 29485|FAILED_TXN|SYSTEM|CHQ DEP MBR 29485|PROCESSED
RF-d96c3ead|16/02/2024|30853.26|KES|MPESA|20457|Refund M-PESA PAY 20457|DUPLICATE|SYSTEM|M-PESA PAY 20457|PROCESSED
RF-ed9b4dac|19/02/2024|48671.259|KES|MPESA|26553|Refund M-PESA PAY 26553|DUPLICATE|SYSTEM|M-PESA PAY 26553|PROCESSED
RF-570df4ae|14/02/2024|35560.53|KES|CHEQUE|29374|Refund Cheque deposit for member 29374|DUPLICATE|SYSTEM|Cheque deposit for member 29374|PROCESSED
RF-8ea37b6d|29/02/2024|17292.303|KES|MPESA|25514|Refund MPESA 25514|DUPLICATE|SYSTEM|MPESA 25514|PROCESSED
RF-7a4f70e1|19/03/2024|26376.0105|KES|CASH|24162|Refund Cash deposit acc 24162|FAILED_TXN|SUPERVISOR|Cash deposit acc 24162|PROCESSED
RF-28fee1d3|11/01/2024|5909.295|KES|CHEQUE|25057|Refund Cheque deposit for member 25057|DUPLICATE|SUPERVISOR|Cheque deposit for member 25057|PROCESSED
RF-04f8a667|10/02/2024|11242.77|KES|CASH|25451|Refund Cash deposit acc 25451|FAILED_TXN|SYSTEM|Cash deposit acc 25451|PROCESSED
RF-bb6a5134|06/01/2024|50976.597|KES|MPESA|22689|Refund M-PESA PAY 22689|FAILED_TXN|SUPERVISOR|M-PESA PAY 22689|PROCESSED
RF-66e8b282|17/03/2024|22001.5215|KES|CASH|22952|Refund Cash deposit acc 22952|FAILED_TXN|SYSTEM|Cash deposit acc 22952|PROCESSED
RF-af3e0faf|10/02/2024|39172.791|KES|CHEQUE|25844|Refund CHQ DEP MBR 25844|FAILED_TXN|SYSTEM|CHQ DEP MBR 25844|PROCESSED
RF-63bb6757|09/02/2024|49846.209|KES|CHEQUE|20893|Refund CHQ DEP MBR 20893|FAILED_TXN|SUPERVISOR|CHQ DEP MBR 20893|PROCESSED
RF-42c2330f|25/03/2024|44692.38|KES|CHEQUE|26992|Refund CHQ DEP MBR 26992|DUPLICATE|SUPERVISOR|CHQ DEP MBR 26992|PROCESSED
RF-81a2147b|04/01/2024|4536.11|KES|MPESA|22726|Refund MPESA 22726|DUPLICATE|SUPERVISOR|MPESA 22726|PROCESSED
RF-755665e2|21/03/2024|45696.95|KES|MPESA|26306|Refund MPESA 26306|FAILED_TXN|SYSTEM|MPESA 26306|PROCESSED
RF-f412fb5b|19/02/2024|41938.4385|KES|CASH|22406|Refund CASH DEP 22406|FAILED_TXN|SUPERVISOR|CASH DEP 22406|PROCESSED
RF-24ef5585|13/02/2024|11302.8|KES|CASH|22721|Refund Cash deposit acc 22721|DUPLICATE|SYSTEM|Cash deposit acc 22721|PROCESSED
RF-8ef59002|20/02/2024|9649.58|KES|MPESA|21650|Refund MPESA 21650|DUPLICATE|SUPERVISOR|MPESA 21650|PROCESSED
RF-892372bb|19/02/2024|28358.9775|KES|MPESA|21689|Refund Mobile payment member 21689|FAILED_TXN|SUPERVISOR|Mobile payment member 21689|PROCESSED
RF-ee745a61|16/02/2024|40151.2335|KES|CASH|24477|Refund Cash deposit acc 24477|DUPLICATE|SYSTEM|Cash deposit acc 24477|PROCESSED
RF-bb50cc90|31/03/2024|9785.22|KES|MPESA|26259|Refund Mobile payment member 26259|FAILED_TXN|SUPERVISOR|Mobile payment member 26259|PROCESSED
RF-4a5d3c25|03/02/2024|47438.46|KES|CASH|27803|Refund CASH DEP 27803|DUPLICATE|SYSTEM|CASH DEP 27803|PROCESSED
RF-2000ac66|09/01/2024|41853.35|KES|CASH|26583|Refund Cash deposit acc 26583|DUPLICATE|SUPERVISOR|Cash deposit acc 26583|PROCESSED
RF-1fc91ed2|16/03/2024|22878.48|KES|MPESA|23787|Refund MPESA 23787|DUPLICATE|SUPERVISOR|MPESA 23787|PROCESSED
RF-fa5f3992|10/02/2024|24904.97|KES|MPESA|22844|Refund M-PESA PAY 22844|DUPLICATE|SUPERVISOR|M-PESA PAY 22844|PROCESSED
RF-195b0bd6|11/02/2024|49986.8145|KES|CASH|25356|Refund Cash deposit acc 25356|FAILED_TXN|SUPERVISOR|Cash deposit acc 25356|PROCESSED
RF-b09cc02e|18/03/2024|16493.28|KES|CHEQUE|29763|Refund CHQ DEP MBR 29763|FAILED_TXN|SYSTEM|CHQ DEP MBR 29763|PROCESSED
RF-bb2ba76f|27/01/2024|48131.9|KES|CHEQUE|25294|Refund Cheque deposit for member 25294|DUPLICATE|SYSTEM|Cheque deposit for member 25294|PROCESSED
RF-e3acce0d|27/01/2024|38988.642|KES|CHEQUE|21130|Refund CHQ DEP MBR 21130|DUPLICATE|SYSTEM|CHQ DEP MBR 21130|PROCESSED
RF-eb46db7d|13/01/2024|10233.79|KES|CHEQUE|27832|Refund CHQ DEP MBR 27832|FAILED_TXN|SUPERVISOR|CHQ DEP MBR 27832|PROCESSED
RF-1f1ba4a2|07/01/2024|25202.33|KES|CASH|29143|Refund Cash deposit acc 29143|FAILED_TXN|SUPERVISOR|Cash deposit acc 29143|PROCESSED
RF-66e763c8|08/03/2024|9595.0575|KES|CHEQUE|24661|Refund CHQ DEP MBR 24661|FAILED_TXN|SYSTEM|CHQ DEP MBR 24661|PROCESSED
RF-8deac885|03/04/2024|18225.75|KES|MPESA|23650|Refund M-PESA PAY 23650|FAILED_TXN|SUPERVISOR|M-PESA PAY 23650|PROCESSED
RF-91e1f914|09/02/2024|6312.08|KES|CASH|25095|Refund Cash deposit acc 25095|DUPLICATE|SYSTEM|Cash deposit acc 25095|PROCESSED
RF-c9e36f72|01/02/2024|34952.799|KES|CASH|29363|Refund Cash deposit acc 29363|DUPLICATE|SUPERVISOR|Cash deposit acc 29363|PROCESSED
RF-8891159f|01/02/2024|2597.217|KES|CASH|21663|Refund Cash deposit acc 21663|FAILED_TXN|SYSTEM|Cash deposit acc 21663|PROCESSED
RF-16ae47ce|06/03/2024|23385.054|KES|MPESA|28877|Refund MPESA 28877|FAILED_TXN|SUPERVISOR|MPESA 28877|PROCESSED
RF-0ece0dac|23/03/2024|26055.11|KES|MPESA|29233|Refund Mobile payment member 29233|DUPLICATE|SUPERVISOR|Mobile payment member 29233|PROCESSED
RF-d9e49eb0|12/01/2024|18774.94|KES|MPESA|27456|Refund Mobile payment member 27456|FAILED_TXN|SUPERVISOR|Mobile payment member 27456|PROCESSED
RF-4bf7a3a7|05/03/2024|2721.29|KES|CASH|29340|Refund Cash deposit acc 29340|FAILED_TXN|SUPERVISOR|Cash deposit acc 29340|PROCESSED
RF-edde07cf|29/01/2024|34791.9915|KES|MPESA|21786|Refund Mobile payment member 21786|FAILED_TXN|SYSTEM|Mobile payment member 21786|PROCESSED
RF-78278f81|05/02/2024|7306.55|KES|CASH|21260|Refund CASH DEP 21260|FAILED_TXN|SUPERVISOR|CASH DEP 21260|PROCESSED
RF-5e09c05c|22/01/2024|36010.3275|KES|MPESA|26943|Refund MPESA 26943|DUPLICATE|SUPERVISOR|MPESA 26943|PROCESSED
RF-792bcea5|05/03/2024|39924.9|KES|CHEQUE|25505|Refund Cheque dep member 25505|FAILED_TXN|SYSTEM|Cheque dep member 25505|PROCESSED
RF-fc74c80b|19/02/2024|24497.34|KES|CHEQUE|27788|Refund Cheque deposit for member 27788|DUPLICATE|SUPERVISOR|Cheque deposit for member 27788|PROCESSED
RF-c1b8e74b|19/03/2024|4880.925|KES|CASH|26850|Refund CASH DEP 26850|FAILED_TXN|SYSTEM|CASH DEP 26850|PROCESSED
RF-e4756c0a|06/02/2024|16350.08|KES|CHEQUE|28850|Refund Cheque deposit for member 28850|DUPLICATE|SUPERVISOR|Cheque deposit for member 28850|PROCESSED
RF-8c99cc5f|05/01/2024|13141.1175|KES|CASH|29777|Refund Cash deposit acc 29777|FAILED_TXN|SUPERVISOR|Cash deposit acc 29777|PROCESSED
RF-40aa6a38|01/04/2024|4898.6|KES|CASH|29171|Refund Cash deposit acc 29171|FAILED_TXN|SYSTEM|Cash deposit acc 29171|PROCESSED
RF-904a067d|18/01/2024|12588.7755|KES|MPESA|20516|Refund M-PESA PAY 20516|FAILED_TXN|SYSTEM|M-PESA PAY 20516|PROCESSED
RF-3a3930ec|07/03/2024|16084.7295|KES|CHEQUE|23030|Refund Cheque dep member 23030|DUPLICATE|SYSTEM|Cheque dep member 23030|PROCESSED
RF-da2c703a|27/02/2024|13194.6|KES|CHEQUE|21586|Refund CHQ DEP MBR 21586|DUPLICATE|SUPERVISOR|CHQ DEP MBR 21586|PROCESSED
RF-3ba97bde|27/02/2024|39504.801|KES|CASH|29830|Refund CASH DEP 29830|FAILED_TXN|SYSTEM|CASH DEP 29830|PROCESSED
RF-cb44ba12|24/03/2024|18376.008|KES|CHEQUE|22691|Refund Cheque dep member 22691|DUPLICATE|SYSTEM|Cheque dep member 22691|PROCESSED
RF-c0407ff9|05/02/2024|12530.805|KES|CASH|24485|Refund Cash deposit acc 24485|FAILED_TXN|SYSTEM|Cash deposit acc 24485|PROCESSED
RF-3e88f27d|01/04/2024|14690.22|KES|CHEQUE|25635|Refund Cheque deposit for member 25635|DUPLICATE|SUPERVISOR|Cheque deposit for member 25635|PROCESSED
RF-ec59ecf2|13/03/2024|3570.2835|KES|MPESA|20480|Refund M-PESA PAY 20480|DUPLICATE|SUPERVISOR|M-PESA PAY 20480|PROCESSED
RF-0ce8c93c|17/01/2024|37177.97|KES|CHEQUE|21140|Refund Cheque deposit for member 21140|FAILED_TXN|SYSTEM|Cheque deposit for member 21140|PROCESSED
RF-1b1f9258|25/01/2024|28698.07|KES|CHEQUE|22885|Refund CHQ DEP MBR 22885|DUPLICATE|SUPERVISOR|CHQ DEP MBR 22885|PROCESSED
RF-27c56600|17/03/2024|6327.447|KES|CHEQUE|29121|Refund CHQ DEP MBR 29121|DUPLICATE|SUPERVISOR|CHQ DEP MBR 29121|PROCESSED
RF-a0441707|16/01/2024|47114.781|KES|MPESA|26816|Refund MPESA 26816|FAILED_TXN|SUPERVISOR|MPESA 26816|PROCESSED
RF-617e6ede|22/02/2024|4200.882|KES|CASH|20909|Refund CASH DEP 20909|FAILED_TXN|SUPERVISOR|CASH DEP 20909|PROCESSED
RF-dede312c|16/02/2024|47856.2|KES|CHEQUE|29544|Refund Cheque deposit for member 29544|DUPLICATE|SYSTEM|Cheque deposit for member 29544|PROCESSED
RF-f74a4f5f|27/03/2024|35875.03|KES|CASH|29528|Refund Cash deposit acc 29528|DUPLICATE|SUPERVISOR|Cash deposit acc 29528|PROCESSED
RF-c68622d1|24/01/2024|2135.868|KES|CASH|27909|Refund CASH DEP 27909|DUPLICATE|SUPERVISOR|CASH DEP 27909|PROCESSED
RF-67883e63|30/01/2024|39074.6895|KES|CASH|22595|Refund Cash deposit acc 22595|FAILED_TXN|SYSTEM|Cash deposit acc 22595|PROCESSED
RF-76207dfb|20/02/2024|35185.9725|KES|MPESA|23415|Refund Mobile payment member 23415|FAILED_TXN|SYSTEM|Mobile payment member 23415|PROCESSED
RF-05f15394|10/01/2024|22089.7425|KES|CHEQUE|20196|Refund CHQ DEP MBR 20196|DUPLICATE|SYSTEM|CHQ DEP MBR 20196|PROCESSED
RF-840235dc|04/03/2024|4974.354|KES|CASH|29754|Refund CASH DEP 29754|DUPLICATE|SYSTEM|CASH DEP 29754|PROCESSED
RF-4367255c|11/01/2024|29226.31|KES|MPESA|26299|Refund M-PESA PAY 26299|FAILED_TXN|SYSTEM|M-PESA PAY 26299|PROCESSED
RF-724c1c02|01/04/2024|20504.3895|KES|MPESA|21495|Refund MPESA 21495|FAILED_TXN|SUPERVISOR|MPESA 21495|PROCESSED
RF-42aa49d3|18/01/2024|18495.141|KES|CHEQUE|22274|Refund CHQ DEP MBR 22274|FAILED_TXN|SYSTEM|CHQ DEP MBR 22274|PROCESSED
